"id";"descripcion";"provincia"
"1";"25 DE MAYO";"1"
"2";"3 DE FEBRERO";"1"
"3";"A. ALSINA";"1"
"4";"A. GONZÁLES CHÁVES";"1"
"5";"AGUAS VERDES";"1"
"6";"ALBERTI";"1"
"7";"ARRECIFES";"1"
"8";"AYACUCHO";"1"
"9";"AZUL";"1"
"10";"BAHÍA BLANCA";"1"
"11";"BALCARCE";"1"
"12";"BARADERO";"1"
"13";"BENITO JUÁREZ";"1"
"14";"BERISSO";"1"
"15";"BOLÍVAR";"1"
"16";"BRAGADO";"1"
"17";"BRANDSEN";"1"
"18";"CAMPANA";"1"
"19";"CAÑUELAS";"1"
"20";"CAPILLA DEL SEÑOR";"1"
"21";"CAPITÁN SARMIENTO";"1"
"22";"CARAPACHAY";"1"
"23";"CARHUE";"1"
"24";"CARILÓ";"1"
"25";"CARLOS CASARES";"1"
"26";"CARLOS TEJEDOR";"1"
"27";"CARMEN DE ARECO";"1"
"28";"CARMEN DE PATAGONES";"1"
"29";"CASTELLI";"1"
"30";"CHACABUCO";"1"
"31";"CHASCOMÚS";"1"
"32";"CHIVILCOY";"1"
"33";"COLÓN";"1"
"34";"CORONEL DORREGO";"1"
"35";"CORONEL PRINGLES";"1"
"36";"CORONEL ROSALES";"1"
"37";"CORONEL SUAREZ";"1"
"38";"COSTA AZUL";"1"
"39";"COSTA CHICA";"1"
"40";"COSTA DEL ESTE";"1"
"41";"COSTA ESMERALDA";"1"
"42";"DAIREAUX";"1"
"43";"DARREGUEIRA";"1"
"44";"DEL VISO";"1"
"45";"DOLORES";"1"
"46";"DON TORCUATO";"1"
"47";"ENSENADA";"1"
"48";"ESCOBAR";"1"
"49";"EXALTACIÓN DE LA CRUZ";"1"
"50";"FLORENTINO AMEGHINO";"1"
"51";"GARÍN";"1"
"52";"GRAL. ALVARADO";"1"
"53";"GRAL. ALVEAR";"1"
"54";"GRAL. ARENALES";"1"
"55";"GRAL. BELGRANO";"1"
"56";"GRAL. GUIDO";"1"
"57";"GRAL. LAMADRID";"1"
"58";"GRAL. LAS HERAS";"1"
"59";"GRAL. LAVALLE";"1"
"60";"GRAL. MADARIAGA";"1"
"61";"GRAL. PACHECO";"1"
"62";"GRAL. PAZ";"1"
"63";"GRAL. PINTO";"1"
"64";"GRAL. PUEYRREDÓN";"1"
"65";"GRAL. RODRÍGUEZ";"1"
"66";"GRAL. VIAMONTE";"1"
"67";"GRAL. VILLEGAS";"1"
"68";"GUAMINÍ";"1"
"69";"GUERNICA";"1"
"70";"HIPÓLITO YRIGOYEN";"1"
"71";"ING. MASCHWITZ";"1"
"72";"JUNÍN";"1"
"73";"LA PLATA";"1"
"74";"LAPRIDA";"1"
"75";"LAS FLORES";"1"
"76";"LAS TONINAS";"1"
"77";"LEANDRO N. ALEM";"1"
"78";"LINCOLN";"1"
"79";"LOBERIA";"1"
"80";"LOBOS";"1"
"81";"LOS CARDALES";"1"
"82";"LOS TOLDOS";"1"
"83";"LUCILA DEL MAR";"1"
"84";"LUJÁN";"1"
"85";"MAGDALENA";"1"
"86";"MAIPÚ";"1"
"87";"MAR CHIQUITA";"1"
"88";"MAR DE AJÓ";"1"
"89";"MAR DE LAS PAMPAS";"1"
"90";"MAR DEL PLATA";"1"
"91";"MAR DEL TUYÚ";"1"
"92";"MARCOS PAZ";"1"
"93";"MERCEDES";"1"
"94";"MIRAMAR";"1"
"95";"MONTE";"1"
"96";"MONTE HERMOSO";"1"
"97";"MUNRO";"1"
"98";"NAVARRO";"1"
"99";"NECOCHEA";"1"
"100";"OLAVARRÍA";"1"
"101";"PARTIDO DE LA COSTA";"1"
"102";"PEHUAJÓ";"1"
"103";"PELLEGRINI";"1"
"104";"PERGAMINO";"1"
"105";"PIGÜÉ";"1"
"106";"PILA";"1"
"107";"PILAR";"1"
"108";"PINAMAR";"1"
"109";"PINAR DEL SOL";"1"
"110";"POLVORINES";"1"
"111";"PTE. PERÓN";"1"
"112";"PUÁN";"1"
"113";"PUNTA INDIO";"1"
"114";"RAMALLO";"1"
"115";"RAUCH";"1"
"116";"RIVADAVIA";"1"
"117";"ROJAS";"1"
"118";"ROQUE PÉREZ";"1"
"119";"SAAVEDRA";"1"
"120";"SALADILLO";"1"
"121";"SALLIQUELÓ";"1"
"122";"SALTO";"1"
"123";"SAN ANDRÉS DE GILES";"1"
"124";"SAN ANTONIO DE ARECO";"1"
"125";"SAN ANTONIO DE PADUA";"1"
"126";"SAN BERNARDO";"1"
"127";"SAN CAYETANO";"1"
"128";"SAN CLEMENTE DEL TUYÚ";"1"
"129";"SAN NICOLÁS";"1"
"130";"SAN PEDRO";"1"
"131";"SAN VICENTE";"1"
"132";"SANTA TERESITA";"1"
"133";"SUIPACHA";"1"
"134";"TANDIL";"1"
"135";"TAPALQUÉ";"1"
"136";"TORDILLO";"1"
"137";"TORNQUIST";"1"
"138";"TRENQUE LAUQUEN";"1"
"139";"TRES LOMAS";"1"
"140";"VILLA GESELL";"1"
"141";"VILLARINO";"1"
"142";"ZÁRATE";"1"
"143";"11 DE SEPTIEMBRE";"1"
"144";"20 DE JUNIO";"1"
"145";"25 DE MAYO";"1"
"146";"ACASSUSO";"1"
"147";"ADROGUÉ";"1"
"148";"ALDO BONZI";"1"
"149";"ÁREA RESERVA CINTURÓN ECOLÓGICO";"1"
"150";"AVELLANEDA";"1"
"151";"BANFIELD";"1"
"152";"BARRIO PARQUE";"1"
"153";"BARRIO SANTA TERESITA";"1"
"154";"BECCAR";"1"
"155";"BELLA VISTA";"1"
"156";"BERAZATEGUI";"1"
"157";"BERNAL ESTE";"1"
"158";"BERNAL OESTE";"1"
"159";"BILLINGHURST";"1"
"160";"BOULOGNE";"1"
"161";"BURZACO";"1"
"162";"CARAPACHAY";"1"
"163";"CASEROS";"1"
"164";"CASTELAR";"1"
"165";"CHURRUCA";"1"
"166";"CIUDAD EVITA";"1"
"167";"CIUDAD MADERO";"1"
"168";"CIUDADELA";"1"
"169";"CLAYPOLE";"1"
"170";"CRUCECITA";"1"
"171";"DOCK SUD";"1"
"172";"DON BOSCO";"1"
"173";"DON ORIONE";"1"
"174";"EL JAGÜEL";"1"
"175";"EL LIBERTADOR";"1"
"176";"EL PALOMAR";"1"
"177";"EL TALAR";"1"
"178";"EL TRÉBOL";"1"
"179";"EZEIZA";"1"
"180";"EZPELETA";"1"
"181";"FLORENCIO VARELA";"1"
"182";"FLORIDA";"1"
"183";"FRANCISCO ÁLVAREZ";"1"
"184";"GERLI";"1"
"185";"GLEW";"1"
"186";"GONZÁLEZ CATÁN";"1"
"187";"GRAL. LAMADRID";"1"
"188";"GRAND BOURG";"1"
"189";"GREGORIO DE LAFERRERE";"1"
"190";"GUILLERMO ENRIQUE HUDSON";"1"
"191";"HAEDO";"1"
"192";"HURLINGHAM";"1"
"193";"ING. SOURDEAUX";"1"
"194";"ISIDRO CASANOVA";"1"
"195";"ITUZAINGÓ";"1"
"196";"JOSÉ C. PAZ";"1"
"197";"JOSÉ INGENIEROS";"1"
"198";"JOSÉ MARMOL";"1"
"199";"LA LUCILA";"1"
"200";"LA REJA";"1"
"201";"LA TABLADA";"1"
"202";"LANÚS";"1"
"203";"LLAVALLOL";"1"
"204";"LOMA HERMOSA";"1"
"205";"LOMAS DE ZAMORA";"1"
"206";"LOMAS DEL MILLÓN";"1"
"207";"LOMAS DEL MIRADOR";"1"
"208";"LONGCHAMPS";"1"
"209";"LOS POLVORINES";"1"
"210";"LUIS GUILLÓN";"1"
"211";"MALVINAS ARGENTINAS";"1"
"212";"MARTÍN CORONADO";"1"
"213";"MARTÍNEZ";"1"
"214";"MERLO";"1"
"215";"MINISTRO RIVADAVIA";"1"
"216";"MONTE CHINGOLO";"1"
"217";"MONTE GRANDE";"1"
"218";"MORENO";"1"
"219";"MORÓN";"1"
"220";"MUÑIZ";"1"
"221";"OLIVOS";"1"
"222";"PABLO NOGUÉS";"1"
"223";"PABLO PODESTÁ";"1"
"224";"PASO DEL REY";"1"
"225";"PEREYRA";"1"
"226";"PIÑEIRO";"1"
"227";"PLÁTANOS";"1"
"228";"PONTEVEDRA";"1"
"229";"QUILMES";"1"
"230";"RAFAEL CALZADA";"1"
"231";"RAFAEL CASTILLO";"1"
"232";"RAMOS MEJÍA";"1"
"233";"RANELAGH";"1"
"234";"REMEDIOS DE ESCALADA";"1"
"235";"SÁENZ PEÑA";"1"
"236";"SAN MIGUEL DEL MONTE";"1"
"237";"SAN FERNANDO";"1"
"238";"SAN FRANCISCO SOLANO";"1"
"239";"SAN ISIDRO";"1"
"240";"SAN JOSÉ";"1"
"241";"SAN JUSTO";"1"
"242";"SAN MARTÍN";"1"
"243";"SAN MIGUEL";"1"
"244";"SANTOS LUGARES";"1"
"245";"SARANDÍ";"1"
"246";"SOURIGUES";"1"
"247";"TAPIALES";"1"
"248";"TEMPERLEY";"1"
"249";"TIGRE";"1"
"250";"TORTUGUITAS";"1"
"251";"TRISTÁN SUÁREZ";"1"
"252";"TRUJUI";"1"
"253";"TURDERA";"1"
"254";"VALENTÍN ALSINA";"1"
"255";"VICENTE LÓPEZ";"1"
"256";"VILLA ADELINA";"1"
"257";"VILLA BALLESTER";"1"
"258";"VILLA BOSCH";"1"
"259";"VILLA CARAZA";"1"
"260";"VILLA CELINA";"1"
"261";"VILLA CENTENARIO";"1"
"262";"VILLA DE MAYO";"1"
"263";"VILLA DIAMANTE";"1"
"264";"VILLA DOMÍNICO";"1"
"265";"VILLA ESPAÑA";"1"
"266";"VILLA FIORITO";"1"
"267";"VILLA GUILLERMINA";"1"
"268";"VILLA INSUPERABLE";"1"
"269";"VILLA JOSÉ LEÓN SUÁREZ";"1"
"270";"VILLA LA FLORIDA";"1"
"271";"VILLA LUZURIAGA";"1"
"272";"VILLA MARTELLI";"1"
"273";"VILLA OBRERA";"1"
"274";"VILLA PROGRESO";"1"
"275";"VILLA RAFFO";"1"
"276";"VILLA SARMIENTO";"1"
"277";"VILLA TESEI";"1"
"278";"VILLA UDAONDO";"1"
"279";"VIRREY DEL PINO";"1"
"280";"WILDE";"1"
"281";"WILLIAM MORRIS";"1"
"282";"AGRONOMÍA";"0"
"283";"ALMAGRO";"0"
"284";"BALVANERA";"0"
"285";"BARRACAS";"0"
"286";"BELGRANO";"0"
"287";"BOCA";"0"
"288";"BOEDO";"0"
"289";"CABALLITO";"0"
"290";"CHACARITA";"0"
"291";"COGHLAN";"0"
"292";"COLEGIALES";"0"
"293";"CONSTITUCIÓN";"0"
"294";"FLORES";"0"
"295";"FLORESTA";"0"
"296";"LA PATERNAL";"0"
"297";"LINIERS";"0"
"298";"MATADEROS";"0"
"299";"MONSERRAT";"0"
"300";"MONTE CASTRO";"0"
"301";"NUEVA POMPEYA";"0"
"302";"NÚÑEZ";"0"
"303";"PALERMO";"0"
"304";"PARQUE AVELLANEDA";"0"
"305";"PARQUE CHACABUCO";"0"
"306";"PARQUE CHAS";"0"
"307";"PARQUE PATRICIOS";"0"
"308";"PUERTO MADERO";"0"
"309";"RECOLETA";"0"
"310";"RETIRO";"0"
"311";"SAAVEDRA";"0"
"312";"SAN CRISTÓBAL";"0"
"313";"SAN NICOLÁS";"0"
"314";"SAN TELMO";"0"
"315";"VÉLEZ SÁRSFIELD";"0"
"316";"VERSALLES";"0"
"317";"VILLA CRESPO";"0"
"318";"VILLA DEL PARQUE";"0"
"319";"VILLA DEVOTO";"0"
"320";"VILLA GRAL. MITRE";"0"
"321";"VILLA LUGANO";"0"
"322";"VILLA LURO";"0"
"323";"VILLA ORTÚZAR";"0"
"324";"VILLA PUEYRREDÓN";"0"
"325";"VILLA REAL";"0"
"326";"VILLA RIACHUELO";"0"
"327";"VILLA SANTA RITA";"0"
"328";"VILLA SOLDATI";"0"
"329";"VILLA URQUIZA";"0"
"330";"ACONQUIJA";"2"
"331";"ANCASTI";"2"
"332";"ANDALGALÁ";"2"
"333";"ANTOFAGASTA";"2"
"334";"BELÉN";"2"
"335";"CAPAYÁN";"2"
"336";"CAPITAL";"2"
"337";"4";"2"
"338";"CORRAL QUEMADO";"2"
"339";"EL ALTO";"2"
"340";"EL RODEO";"2"
"341";"F.MAMERTO ESQUIÚ";"2"
"342";"FIAMBALÁ";"2"
"343";"HUALFÍN";"2"
"344";"HUILLAPIMA";"2"
"345";"ICAÑO";"2"
"346";"LA PUERTA";"2"
"347";"LAS JUNTAS";"2"
"348";"LONDRES";"2"
"349";"LOS ALTOS";"2"
"350";"LOS VARELA";"2"
"351";"MUTQUÍN";"2"
"352";"PACLÍN";"2"
"353";"POMAN";"2"
"354";"POZO DE LA PIEDRA";"2"
"355";"PUERTA DE CORRAL";"2"
"356";"PUERTA SAN JOSÉ";"2"
"357";"RECREO";"2"
"358";"S.F.V DE 4";"2"
"359";"SAN FERNANDO";"2"
"360";"SAN FERNANDO DEL VALLE";"2"
"361";"SAN JOSÉ";"2"
"362";"SANTA MARÍA";"2"
"363";"SANTA ROSA";"2"
"364";"SAUJIL";"2"
"365";"TAPSO";"2"
"366";"TINOGASTA";"2"
"367";"VALLE VIEJO";"2"
"368";"VILLA VIL";"2"
"369";"AVIÁ TERAÍ";"16"
"370";"BARRANQUERAS";"16"
"371";"BASAIL";"16"
"372";"CAMPO LARGO";"16"
"373";"CAPITAL";"16"
"374";"CAPITÁN SOLARI";"16"
"375";"CHARADAI";"16"
"376";"CHARATA";"16"
"377";"CHOROTIS";"16"
"378";"CIERVO PETISO";"16"
"379";"CNEL. DU GRATY";"16"
"380";"COL. BENÍTEZ";"16"
"381";"COL. ELISA";"16"
"382";"COL. POPULAR";"16"
"383";"COLONIAS UNIDAS";"16"
"384";"CONCEPCIÓN";"16"
"385";"CORZUELA";"16"
"386";"COTE LAI";"16"
"387";"EL SAUZALITO";"16"
"388";"ENRIQUE URIEN";"16"
"389";"FONTANA";"16"
"390";"FTE. ESPERANZA";"16"
"391";"GANCEDO";"16"
"392";"GRAL. CAPDEVILA";"16"
"393";"GRAL. PINERO";"16"
"394";"GRAL. SAN MARTÍN";"16"
"395";"GRAL. VEDIA";"16"
"396";"HERMOSO CAMPO";"16"
"397";"I. DEL CERRITO";"16"
"398";"J.J. CASTELLI";"16"
"399";"LA CLOTILDE";"16"
"400";"LA EDUVIGIS";"16"
"401";"LA ESCONDIDA";"16"
"402";"LA LEONESA";"16"
"403";"LA TIGRA";"16"
"404";"LA VERDE";"16"
"405";"LAGUNA BLANCA";"16"
"406";"LAGUNA LIMPIA";"16"
"407";"LAPACHITO";"16"
"408";"LAS BREÑAS";"16"
"409";"LAS GARCITAS";"16"
"410";"LAS PALMAS";"16"
"411";"LOS FRENTONES";"16"
"412";"MACHAGAI";"16"
"413";"MAKALLÉ";"16"
"414";"MARGARITA BELÉN";"16"
"415";"MIRAFLORES";"16"
"416";"MISIÓN N. POMPEYA";"16"
"417";"NAPENAY";"16"
"418";"PAMPA ALMIRÓN";"16"
"419";"PAMPA DEL INDIO";"16"
"420";"PAMPA DEL INFIERNO";"16"
"421";"PDCIA. DE LA PLAZA";"16"
"422";"PDCIA. ROCA";"16"
"423";"PDCIA. ROQUE SÁENZ PEÑA";"16"
"424";"PTO. BERMEJO";"16"
"425";"PTO. EVA PERÓN";"16"
"426";"PUERO TIROL";"16"
"427";"PUERTO VILELAS";"16"
"428";"QUITILIPI";"16"
"429";"RESISTENCIA";"16"
"430";"SÁENZ PEÑA";"16"
"431";"SAMUHÚ";"16"
"432";"SAN BERNARDO";"16"
"433";"SANTA SYLVINA";"16"
"434";"TACO POZO";"16"
"435";"TRES ISLETAS";"16"
"436";"VILLA ÁNGELA";"16"
"437";"VILLA BERTHET";"16"
"438";"VILLA R. BERMEJITO";"16"
"439";"ALDEA APELEG";"17"
"440";"ALDEA BELEIRO";"17"
"441";"ALDEA EPULEF";"17"
"442";"ALTO RÍO SENGERR";"17"
"443";"BUEN PASTO";"17"
"444";"CAMARONES";"17"
"445";"CARRENLEUFÚ";"17"
"446";"CHOLILA";"17"
"447";"CO. CENTINELA";"17"
"448";"COLAN CONHUÉ";"17"
"449";"COMODORO RIVADAVIA";"17"
"450";"CORCOVADO";"17"
"451";"CUSHAMEN";"17"
"452";"DIQUE F. AMEGHINO";"17"
"453";"DOLAVÓN";"17"
"454";"DR. R. ROJAS";"17"
"455";"EL HOYO";"17"
"456";"EL MAITÉN";"17"
"457";"EPUYÉN";"17"
"458";"ESQUEL";"17"
"459";"FACUNDO";"17"
"460";"GAIMÁN";"17"
"461";"GAN GAN";"17"
"462";"GASTRE";"17"
"463";"GDOR. COSTA";"17"
"464";"GUALJAINA";"17"
"465";"J. DE SAN MARTÍN";"17"
"466";"LAGO BLANCO";"17"
"467";"LAGO PUELO";"17"
"468";"LAGUNITA SALADA";"17"
"469";"LAS PLUMAS";"17"
"470";"LOS ALTARES";"17"
"471";"PASO DE LOS INDIOS";"17"
"472";"PASO DEL SAPO";"17"
"473";"PTO. MADRYN";"17"
"474";"PTO. PIRÁMIDES";"17"
"475";"RADA TILLY";"17"
"476";"RAWSON";"17"
"477";"RÍO MAYO";"17"
"478";"RÍO PICO";"17"
"479";"SARMIENTO";"17"
"480";"TECKA";"17"
"481";"TELSEN";"17"
"482";"TRELEW";"17"
"483";"TREVELIN";"17"
"484";"VEINTIOCHO DE JULIO";"17"
"485";"ACHIRAS";"3"
"486";"ADELIA MARIA";"3"
"487";"AGUA DE ORO";"3"
"488";"ALCIRA GIGENA";"3"
"489";"ALDEA SANTA MARIA";"3"
"490";"ALEJANDRO ROCA";"3"
"491";"ALEJO LEDESMA";"3"
"492";"ALICIA";"3"
"493";"ALMAFUERTE";"3"
"494";"ALPA CORRAL";"3"
"495";"ALTA GRACIA";"3"
"496";"ALTO ALEGRE";"3"
"497";"ALTO DE LOS QUEBRACHOS";"3"
"498";"ALTOS DE CHIPION";"3"
"499";"AMBOY";"3"
"500";"AMBUL";"3"
"501";"ANA ZUMARAN";"3"
"502";"ANISACATE";"3"
"503";"ARGUELLO";"3"
"504";"ARIAS";"3"
"505";"ARROYITO";"3"
"506";"ARROYO ALGODON";"3"
"507";"ARROYO CABRAL";"3"
"508";"ARROYO LOS PATOS";"3"
"509";"ASSUNTA";"3"
"510";"ATAHONA";"3"
"511";"AUSONIA";"3"
"512";"AVELLANEDA";"3"
"513";"BALLESTEROS";"3"
"514";"BALLESTEROS SUD";"3"
"515";"BALNEARIA";"3"
"516";"BAÑADO DE SOTO";"3"
"517";"BELL VILLE";"3"
"518";"BENGOLEA";"3"
"519";"BENJAMIN GOULD";"3"
"520";"BERROTARAN";"3"
"521";"BIALET MASSE";"3"
"522";"BOUWER";"3"
"523";"BRINKMANN";"3"
"524";"BUCHARDO";"3"
"525";"BULNES";"3"
"526";"CABALANGO";"3"
"527";"CALAMUCHITA";"3"
"528";"CALCHIN";"3"
"529";"CALCHIN OESTE";"3"
"530";"CALMAYO";"3"
"531";"CAMILO ALDAO";"3"
"532";"CAMINIAGA";"3"
"533";"CAÑADA DE LUQUE";"3"
"534";"CAÑADA DE MACHADO";"3"
"535";"CAÑADA DE RIO PINTO";"3"
"536";"CAÑADA DEL SAUCE";"3"
"537";"CANALS";"3"
"538";"CANDELARIA SUD";"3"
"539";"CAPILLA DE REMEDIOS";"3"
"540";"CAPILLA DE SITON";"3"
"541";"CAPILLA DEL CARMEN";"3"
"542";"CAPILLA DEL MONTE";"3"
"543";"CAPITAL";"3"
"544";"CAPITAN GRAL B. O´HIGGINS";"3"
"545";"CARNERILLO";"3"
"546";"CARRILOBO";"3"
"547";"CASA GRANDE";"3"
"548";"CAVANAGH";"3"
"549";"CERRO COLORADO";"3"
"550";"CHAJÁN";"3"
"551";"CHALACEA";"3"
"552";"CHAÑAR VIEJO";"3"
"553";"CHANCANÍ";"3"
"554";"CHARBONIER";"3"
"555";"CHARRAS";"3"
"556";"CHAZÓN";"3"
"557";"CHILIBROSTE";"3"
"558";"CHUCUL";"3"
"559";"CHUÑA";"3"
"560";"CHUÑA HUASI";"3"
"561";"CHURQUI CAÑADA";"3"
"562";"CIENAGA DEL CORO";"3"
"563";"CINTRA";"3"
"564";"COL. ALMADA";"3"
"565";"COL. ANITA";"3"
"566";"COL. BARGE";"3"
"567";"COL. BISMARK";"3"
"568";"COL. BREMEN";"3"
"569";"COL. CAROYA";"3"
"570";"COL. ITALIANA";"3"
"571";"COL. ITURRASPE";"3"
"572";"COL. LAS CUATRO ESQUINAS";"3"
"573";"COL. LAS PICHANAS";"3"
"574";"COL. MARINA";"3"
"575";"COL. PROSPERIDAD";"3"
"576";"COL. SAN BARTOLOME";"3"
"577";"COL. SAN PEDRO";"3"
"578";"COL. TIROLESA";"3"
"579";"COL. VICENTE AGUERO";"3"
"580";"COL. VIDELA";"3"
"581";"COL. VIGNAUD";"3"
"582";"COL. WALTELINA";"3"
"583";"COLAZO";"3"
"584";"COMECHINGONES";"3"
"585";"CONLARA";"3"
"586";"COPACABANA";"3"
"587";"7";"3"
"588";"CORONEL BAIGORRIA";"3"
"589";"CORONEL MOLDES";"3"
"590";"CORRAL DE BUSTOS";"3"
"591";"CORRALITO";"3"
"592";"COSQUÍN";"3"
"593";"COSTA SACATE";"3"
"594";"CRUZ ALTA";"3"
"595";"CRUZ DE CAÑA";"3"
"596";"CRUZ DEL EJE";"3"
"597";"CUESTA BLANCA";"3"
"598";"DEAN FUNES";"3"
"599";"DEL CAMPILLO";"3"
"600";"DESPEÑADEROS";"3"
"601";"DEVOTO";"3"
"602";"DIEGO DE ROJAS";"3"
"603";"DIQUE CHICO";"3"
"604";"EL ARAÑADO";"3"
"605";"EL BRETE";"3"
"606";"EL CHACHO";"3"
"607";"EL CRISPÍN";"3"
"608";"EL FORTÍN";"3"
"609";"EL MANZANO";"3"
"610";"EL RASTREADOR";"3"
"611";"EL RODEO";"3"
"612";"EL TÍO";"3"
"613";"ELENA";"3"
"614";"EMBALSE";"3"
"615";"ESQUINA";"3"
"616";"ESTACIÓN GRAL. PAZ";"3"
"617";"ESTACIÓN JUÁREZ CELMAN";"3"
"618";"ESTANCIA DE GUADALUPE";"3"
"619";"ESTANCIA VIEJA";"3"
"620";"ETRURIA";"3"
"621";"EUFRASIO LOZA";"3"
"622";"FALDA DEL CARMEN";"3"
"623";"FREYRE";"3"
"624";"GRAL. BALDISSERA";"3"
"625";"GRAL. CABRERA";"3"
"626";"GRAL. DEHEZA";"3"
"627";"GRAL. FOTHERINGHAM";"3"
"628";"GRAL. LEVALLE";"3"
"629";"GRAL. ROCA";"3"
"630";"GUANACO MUERTO";"3"
"631";"GUASAPAMPA";"3"
"632";"GUATIMOZIN";"3"
"633";"GUTENBERG";"3"
"634";"HERNANDO";"3"
"635";"HUANCHILLAS";"3"
"636";"HUERTA GRANDE";"3"
"637";"HUINCA RENANCO";"3"
"638";"IDIAZABAL";"3"
"639";"IMPIRA";"3"
"640";"INRIVILLE";"3"
"641";"ISLA VERDE";"3"
"642";"ITALÓ";"3"
"643";"JAMES CRAIK";"3"
"644";"JESÚS MARÍA";"3"
"645";"JOVITA";"3"
"646";"JUSTINIANO POSSE";"3"
"647";"KM 658";"3"
"648";"L. V. MANSILLA";"3"
"649";"LA BATEA";"3"
"650";"LA CALERA";"3"
"651";"LA CARLOTA";"3"
"652";"LA CAROLINA";"3"
"653";"LA CAUTIVA";"3"
"654";"LA CESIRA";"3"
"655";"LA CRUZ";"3"
"656";"LA CUMBRE";"3"
"657";"LA CUMBRECITA";"3"
"658";"LA FALDA";"3"
"659";"LA FRANCIA";"3"
"660";"LA GRANJA";"3"
"661";"LA HIGUERA";"3"
"662";"LA LAGUNA";"3"
"663";"LA PAISANITA";"3"
"664";"LA PALESTINA";"3"
"665";"12";"3"
"666";"LA PAQUITA";"3"
"667";"LA PARA";"3"
"668";"LA PAZ";"3"
"669";"LA PLAYA";"3"
"670";"LA PLAYOSA";"3"
"671";"LA POBLACIÓN";"3"
"672";"LA POSTA";"3"
"673";"LA PUERTA";"3"
"674";"LA QUINTA";"3"
"675";"LA RANCHERITA";"3"
"676";"LA RINCONADA";"3"
"677";"LA SERRANITA";"3"
"678";"LA TORDILLA";"3"
"679";"LABORDE";"3"
"680";"LABOULAYE";"3"
"681";"LAGUNA LARGA";"3"
"682";"LAS ACEQUIAS";"3"
"683";"LAS ALBAHACAS";"3"
"684";"LAS ARRIAS";"3"
"685";"LAS BAJADAS";"3"
"686";"LAS CALERAS";"3"
"687";"LAS CALLES";"3"
"688";"LAS CAÑADAS";"3"
"689";"LAS GRAMILLAS";"3"
"690";"LAS HIGUERAS";"3"
"691";"LAS ISLETILLAS";"3"
"692";"LAS JUNTURAS";"3"
"693";"LAS PALMAS";"3"
"694";"LAS PEÑAS";"3"
"695";"LAS PEÑAS SUD";"3"
"696";"LAS PERDICES";"3"
"697";"LAS PLAYAS";"3"
"698";"LAS RABONAS";"3"
"699";"LAS SALADAS";"3"
"700";"LAS TAPIAS";"3"
"701";"LAS VARAS";"3"
"702";"LAS VARILLAS";"3"
"703";"LAS VERTIENTES";"3"
"704";"LEGUIZAMÓN";"3"
"705";"LEONES";"3"
"706";"LOS CEDROS";"3"
"707";"LOS CERRILLOS";"3"
"708";"LOS CHAÑARITOS (C.E)";"3"
"709";"LOS CHANARITOS (R.S)";"3"
"710";"LOS CISNES";"3"
"711";"LOS COCOS";"3"
"712";"LOS CÓNDORES";"3"
"713";"LOS HORNILLOS";"3"
"714";"LOS HOYOS";"3"
"715";"LOS MISTOLES";"3"
"716";"LOS MOLINOS";"3"
"717";"LOS POZOS";"3"
"718";"LOS REARTES";"3"
"719";"LOS SURGENTES";"3"
"720";"LOS TALARES";"3"
"721";"LOS ZORROS";"3"
"722";"LOZADA";"3"
"723";"LUCA";"3"
"724";"LUQUE";"3"
"725";"LUYABA";"3"
"726";"MALAGUEÑO";"3"
"727";"MALENA";"3"
"728";"MALVINAS ARGENTINAS";"3"
"729";"MANFREDI";"3"
"730";"MAQUINISTA GALLINI";"3"
"731";"MARCOS JUÁREZ";"3"
"732";"MARULL";"3"
"733";"MATORRALES";"3"
"734";"MATTALDI";"3"
"735";"MAYU SUMAJ";"3"
"736";"MEDIA NARANJA";"3"
"737";"MELO";"3"
"738";"MENDIOLAZA";"3"
"739";"MI GRANJA";"3"
"740";"MINA CLAVERO";"3"
"741";"MIRAMAR";"3"
"742";"MORRISON";"3"
"743";"MORTEROS";"3"
"744";"MTE. BUEY";"3"
"745";"MTE. CRISTO";"3"
"746";"MTE. DE LOS GAUCHOS";"3"
"747";"MTE. LEÑA";"3"
"748";"MTE. MAÍZ";"3"
"749";"MTE. RALO";"3"
"750";"NICOLÁS BRUZONE";"3"
"751";"NOETINGER";"3"
"752";"NONO";"3"
"753";"NUEVA 7";"3"
"754";"OBISPO TREJO";"3"
"755";"OLAETA";"3"
"756";"OLIVA";"3"
"757";"OLIVARES SAN NICOLÁS";"3"
"758";"ONAGOLTY";"3"
"759";"ONCATIVO";"3"
"760";"ORDOÑEZ";"3"
"761";"PACHECO DE MELO";"3"
"762";"PAMPAYASTA N.";"3"
"763";"PAMPAYASTA S.";"3"
"764";"PANAHOLMA";"3"
"765";"PASCANAS";"3"
"766";"PASCO";"3"
"767";"PASO DEL DURAZNO";"3"
"768";"PASO VIEJO";"3"
"769";"PILAR";"3"
"770";"PINCÉN";"3"
"771";"PIQUILLÍN";"3"
"772";"PLAZA DE MERCEDES";"3"
"773";"PLAZA LUXARDO";"3"
"774";"PORTEÑA";"3"
"775";"POTRERO DE GARAY";"3"
"776";"POZO DEL MOLLE";"3"
"777";"POZO NUEVO";"3"
"778";"PUEBLO ITALIANO";"3"
"779";"PUESTO DE CASTRO";"3"
"780";"PUNTA DEL AGUA";"3"
"781";"QUEBRACHO HERRADO";"3"
"782";"QUILINO";"3"
"783";"RAFAEL GARCÍA";"3"
"784";"RANQUELES";"3"
"785";"RAYO CORTADO";"3"
"786";"REDUCCIÓN";"3"
"787";"RINCÓN";"3"
"788";"RÍO BAMBA";"3"
"789";"RÍO CEBALLOS";"3"
"790";"RÍO CUARTO";"3"
"791";"RÍO DE LOS SAUCES";"3"
"792";"RÍO PRIMERO";"3"
"793";"RÍO SEGUNDO";"3"
"794";"RÍO TERCERO";"3"
"795";"ROSALES";"3"
"796";"ROSARIO DEL SALADILLO";"3"
"797";"SACANTA";"3"
"798";"SAGRADA FAMILIA";"3"
"799";"SAIRA";"3"
"800";"SALADILLO";"3"
"801";"SALDÁN";"3"
"802";"SALSACATE";"3"
"803";"SALSIPUEDES";"3"
"804";"SAMPACHO";"3"
"805";"SAN AGUSTÍN";"3"
"806";"SAN ANTONIO DE ARREDONDO";"3"
"807";"SAN ANTONIO DE LITÍN";"3"
"808";"SAN BASILIO";"3"
"809";"SAN CARLOS MINAS";"3"
"810";"SAN CLEMENTE";"3"
"811";"SAN ESTEBAN";"3"
"812";"SAN FRANCISCO";"3"
"813";"SAN IGNACIO";"3"
"814";"SAN JAVIER";"3"
"815";"SAN JERÓNIMO";"3"
"816";"SAN JOAQUÍN";"3"
"817";"SAN JOSÉ DE LA DORMIDA";"3"
"818";"SAN JOSÉ DE LAS SALINAS";"3"
"819";"SAN LORENZO";"3"
"820";"SAN MARCOS SIERRAS";"3"
"821";"SAN MARCOS SUD";"3"
"822";"SAN PEDRO";"3"
"823";"SAN PEDRO N.";"3"
"824";"SAN ROQUE";"3"
"825";"SAN VICENTE";"3"
"826";"SANTA CATALINA";"3"
"827";"SANTA ELENA";"3"
"828";"SANTA EUFEMIA";"3"
"829";"SANTA MARIA";"3"
"830";"SARMIENTO";"3"
"831";"SATURNINO M.LASPIUR";"3"
"832";"SAUCE ARRIBA";"3"
"833";"SEBASTIÁN ELCANO";"3"
"834";"SEEBER";"3"
"835";"SEGUNDA USINA";"3"
"836";"SERRANO";"3"
"837";"SERREZUELA";"3"
"838";"SGO. TEMPLE";"3"
"839";"SILVIO PELLICO";"3"
"840";"SIMBOLAR";"3"
"841";"SINSACATE";"3"
"842";"STA. ROSA DE CALAMUCHITA";"3"
"843";"STA. ROSA DE RÍO PRIMERO";"3"
"844";"SUCO";"3"
"845";"TALA CAÑADA";"3"
"846";"TALA HUASI";"3"
"847";"TALAINI";"3"
"848";"TANCACHA";"3"
"849";"TANTI";"3"
"850";"TICINO";"3"
"851";"TINOCO";"3"
"852";"TÍO PUJIO";"3"
"853";"TOLEDO";"3"
"854";"TORO PUJIO";"3"
"855";"TOSNO";"3"
"856";"TOSQUITA";"3"
"857";"TRÁNSITO";"3"
"858";"TUCLAME";"3"
"859";"TUTTI";"3"
"860";"UCACHA";"3"
"861";"UNQUILLO";"3"
"862";"VALLE DE ANISACATE";"3"
"863";"VALLE HERMOSO";"3"
"864";"VÉLEZ SARFIELD";"3"
"865";"VIAMONTE";"3"
"866";"VICUÑA MACKENNA";"3"
"867";"VILLA ALLENDE";"3"
"868";"VILLA AMANCAY";"3"
"869";"VILLA ASCASUBI";"3"
"870";"VILLA CANDELARIA N.";"3"
"871";"VILLA CARLOS PAZ";"3"
"872";"VILLA CERRO AZUL";"3"
"873";"VILLA CIUDAD DE AMÉRICA";"3"
"874";"VILLA CIUDAD PQUE LOS REARTES";"3"
"875";"VILLA CONCEPCIÓN DEL TÍO";"3"
"876";"VILLA CURA BROCHERO";"3"
"877";"VILLA DE LAS ROSAS";"3"
"878";"VILLA DE MARÍA";"3"
"879";"VILLA DE POCHO";"3"
"880";"VILLA DE SOTO";"3"
"881";"VILLA DEL DIQUE";"3"
"882";"VILLA DEL PRADO";"3"
"883";"VILLA DEL ROSARIO";"3"
"884";"VILLA DEL TOTORAL";"3"
"885";"VILLA DOLORES";"3"
"886";"VILLA EL CHANCAY";"3"
"887";"VILLA ELISA";"3"
"888";"VILLA FLOR SERRANA";"3"
"889";"VILLA FONTANA";"3"
"890";"VILLA GIARDINO";"3"
"891";"VILLA GRAL. BELGRANO";"3"
"892";"VILLA GUTIERREZ";"3"
"893";"VILLA HUIDOBRO";"3"
"894";"VILLA LA BOLSA";"3"
"895";"VILLA LOS AROMOS";"3"
"896";"VILLA LOS PATOS";"3"
"897";"VILLA MARÍA";"3"
"898";"VILLA NUEVA";"3"
"899";"VILLA PQUE. SANTA ANA";"3"
"900";"VILLA PQUE. SIQUIMAN";"3"
"901";"VILLA QUILLINZO";"3"
"902";"VILLA ROSSI";"3"
"903";"VILLA RUMIPAL";"3"
"904";"VILLA SAN ESTEBAN";"3"
"905";"VILLA SAN ISIDRO";"3"
"906";"VILLA 21";"3"
"907";"VILLA SARMIENTO (G.R)";"3"
"908";"VILLA SARMIENTO (S.A)";"3"
"909";"VILLA TULUMBA";"3"
"910";"VILLA VALERIA";"3"
"911";"VILLA YACANTO";"3"
"912";"WASHINGTON";"3"
"913";"WENCESLAO ESCALANTE";"3"
"914";"YCHO CRUZ SIERRAS";"3"
"915";"ALVEAR";"4"
"916";"BELLA VISTA";"4"
"917";"BERÓN DE ASTRADA";"4"
"918";"BONPLAND";"4"
"919";"CAÁ CATI";"4"
"920";"CAPITAL";"4"
"921";"CHAVARRÍA";"4"
"922";"COL. C. PELLEGRINI";"4"
"923";"COL. LIBERTAD";"4"
"924";"COL. LIEBIG";"4"
"925";"COL. STA ROSA";"4"
"926";"CONCEPCIÓN";"4"
"927";"CRUZ DE LOS MILAGROS";"4"
"928";"CURUZÚ-CUATIÁ";"4"
"929";"EMPEDRADO";"4"
"930";"ESQUINA";"4"
"931";"ESTACIÓN TORRENT";"4"
"932";"FELIPE YOFRÉ";"4"
"933";"GARRUCHOS";"4"
"934";"GDOR. AGRÓNOMO";"4"
"935";"GDOR. MARTÍNEZ";"4"
"936";"GOYA";"4"
"937";"GUAVIRAVI";"4"
"938";"HERLITZKA";"4"
"939";"ITA-IBATE";"4"
"940";"ITATÍ";"4"
"941";"ITUZAINGÓ";"4"
"942";"JOSÉ RAFAEL GÓMEZ";"4"
"943";"JUAN PUJOL";"4"
"944";"LA CRUZ";"4"
"945";"LAVALLE";"4"
"946";"LOMAS DE VALLEJOS";"4"
"947";"LORETO";"4"
"948";"MARIANO I. LOZA";"4"
"949";"MBURUCUYÁ";"4"
"950";"MERCEDES";"4"
"951";"MOCORETÁ";"4"
"952";"MTE. CASEROS";"4"
"953";"NUEVE DE JULIO";"4"
"954";"PALMAR GRANDE";"4"
"955";"PARADA PUCHETA";"4"
"956";"PASO DE LA PATRIA";"4"
"957";"PASO DE LOS LIBRES";"4"
"958";"PEDRO R. FERNANDEZ";"4"
"959";"PERUGORRÍA";"4"
"960";"PUEBLO LIBERTADOR";"4"
"961";"RAMADA PASO";"4"
"962";"RIACHUELO";"4"
"963";"SALADAS";"4"
"964";"SAN ANTONIO";"4"
"965";"SAN CARLOS";"4"
"966";"SAN COSME";"4"
"967";"SAN LORENZO";"4"
"968";"20 DEL PALMAR";"4"
"969";"SAN MIGUEL";"4"
"970";"SAN ROQUE";"4"
"971";"SANTA ANA";"4"
"972";"SANTA LUCÍA";"4"
"973";"SANTO TOMÉ";"4"
"974";"SAUCE";"4"
"975";"TABAY";"4"
"976";"TAPEBICUÁ";"4"
"977";"TATACUA";"4"
"978";"VIRASORO";"4"
"979";"YAPEYÚ";"4"
"980";"YATAITÍ CALLE";"4"
"981";"ALARCÓN";"5"
"982";"ALCARAZ";"5"
"983";"ALCARAZ N.";"5"
"984";"ALCARAZ S.";"5"
"985";"ALDEA ASUNCIÓN";"5"
"986";"ALDEA BRASILERA";"5"
"987";"ALDEA ELGENFELD";"5"
"988";"ALDEA GRAPSCHENTAL";"5"
"989";"ALDEA MA. LUISA";"5"
"990";"ALDEA PROTESTANTE";"5"
"991";"ALDEA SALTO";"5"
"992";"ALDEA SAN ANTONIO (G)";"5"
"993";"ALDEA SAN ANTONIO (P)";"5"
"994";"ALDEA 19";"5"
"995";"ALDEA SAN MIGUEL";"5"
"996";"ALDEA SAN RAFAEL";"5"
"997";"ALDEA SPATZENKUTTER";"5"
"998";"ALDEA STA. MARÍA";"5"
"999";"ALDEA STA. ROSA";"5"
"1000";"ALDEA VALLE MARÍA";"5"
"1001";"ALTAMIRANO SUR";"5"
"1002";"ANTELO";"5"
"1003";"ANTONIO TOMÁS";"5"
"1004";"ARANGUREN";"5"
"1005";"ARROYO BARÚ";"5"
"1006";"ARROYO BURGOS";"5"
"1007";"ARROYO CLÉ";"5"
"1008";"ARROYO CORRALITO";"5"
"1009";"ARROYO DEL MEDIO";"5"
"1010";"ARROYO MATURRANGO";"5"
"1011";"ARROYO PALO SECO";"5"
"1012";"BANDERAS";"5"
"1013";"BASAVILBASO";"5"
"1014";"BETBEDER";"5"
"1015";"BOVRIL";"5"
"1016";"CASEROS";"5"
"1017";"CEIBAS";"5"
"1018";"CERRITO";"5"
"1019";"CHAJARÍ";"5"
"1020";"CHILCAS";"5"
"1021";"CLODOMIRO LEDESMA";"5"
"1022";"COL. ALEMANA";"5"
"1023";"COL. AVELLANEDA";"5"
"1024";"COL. AVIGDOR";"5"
"1025";"COL. AYUÍ";"5"
"1026";"COL. BAYLINA";"5"
"1027";"COL. CARRASCO";"5"
"1028";"COL. CELINA";"5"
"1029";"COL. CERRITO";"5"
"1030";"COL. CRESPO";"5"
"1031";"COL. ELIA";"5"
"1032";"COL. ENSAYO";"5"
"1033";"COL. GRAL. ROCA";"5"
"1034";"COL. LA ARGENTINA";"5"
"1035";"COL. MEROU";"5"
"1036";"COL. OFICIAL Nª3";"5"
"1037";"COL. OFICIAL Nº13";"5"
"1038";"COL. OFICIAL Nº14";"5"
"1039";"COL. OFICIAL Nº5";"5"
"1040";"COL. REFFINO";"5"
"1041";"COL. TUNAS";"5"
"1042";"COL. VIRARÓ";"5"
"1043";"COLÓN";"5"
"1044";"CONCEPCIÓN DEL URUGUAY";"5"
"1045";"CONCORDIA";"5"
"1046";"CONSCRIPTO BERNARDI";"5"
"1047";"COSTA GRANDE";"5"
"1048";"COSTA SAN ANTONIO";"5"
"1049";"COSTA URUGUAY N.";"5"
"1050";"COSTA URUGUAY S.";"5"
"1051";"CRESPO";"5"
"1052";"CRUCECITAS 3ª";"5"
"1053";"CRUCECITAS 7ª";"5"
"1054";"CRUCECITAS 8ª";"5"
"1055";"CUCHILLA REDONDA";"5"
"1056";"CURTIEMBRE";"5"
"1057";"DIAMANTE";"5"
"1058";"DISTRITO 6º";"5"
"1059";"DISTRITO CHAÑAR";"5"
"1060";"DISTRITO CHIQUEROS";"5"
"1061";"DISTRITO CUARTO";"5"
"1062";"DISTRITO DIEGO LÓPEZ";"5"
"1063";"DISTRITO PAJONAL";"5"
"1064";"DISTRITO SAUCE";"5"
"1065";"DISTRITO TALA";"5"
"1066";"DISTRITO TALITAS";"5"
"1067";"DON CRISTÓBAL 1ª SECCIÓN";"5"
"1068";"DON CRISTÓBAL 2ª SECCIÓN";"5"
"1069";"DURAZNO";"5"
"1070";"EL CIMARRÓN";"5"
"1071";"EL GRAMILLAL";"5"
"1072";"EL PALENQUE";"5"
"1073";"EL PINGO";"5"
"1074";"EL QUEBRACHO";"5"
"1075";"EL REDOMÓN";"5"
"1076";"EL SOLAR";"5"
"1077";"ENRIQUE CARBO";"5"
"1078";"9";"5"
"1079";"ESPINILLO N.";"5"
"1080";"ESTACIÓN CAMPOS";"5"
"1081";"ESTACIÓN ESCRIÑA";"5"
"1082";"ESTACIÓN LAZO";"5"
"1083";"ESTACIÓN RAÍCES";"5"
"1084";"ESTACIÓN YERÚA";"5"
"1085";"ESTANCIA GRANDE";"5"
"1086";"ESTANCIA LÍBAROS";"5"
"1087";"ESTANCIA RACEDO";"5"
"1088";"ESTANCIA SOLÁ";"5"
"1089";"ESTANCIA YUQUERÍ";"5"
"1090";"ESTAQUITAS";"5"
"1091";"FAUSTINO M. PARERA";"5"
"1092";"FEBRE";"5"
"1093";"FEDERACIÓN";"5"
"1094";"FEDERAL";"5"
"1095";"GDOR. ECHAGÜE";"5"
"1096";"GDOR. MANSILLA";"5"
"1097";"GILBERT";"5"
"1098";"GONZÁLEZ CALDERÓN";"5"
"1099";"GRAL. ALMADA";"5"
"1100";"GRAL. ALVEAR";"5"
"1101";"GRAL. CAMPOS";"5"
"1102";"GRAL. GALARZA";"5"
"1103";"GRAL. RAMÍREZ";"5"
"1104";"GUALEGUAY";"5"
"1105";"GUALEGUAYCHÚ";"5"
"1106";"GUALEGUAYCITO";"5"
"1107";"GUARDAMONTE";"5"
"1108";"HAMBIS";"5"
"1109";"HASENKAMP";"5"
"1110";"HERNANDARIAS";"5"
"1111";"HERNÁNDEZ";"5"
"1112";"HERRERA";"5"
"1113";"HINOJAL";"5"
"1114";"HOCKER";"5"
"1115";"ING. SAJAROFF";"5"
"1116";"IRAZUSTA";"5"
"1117";"ISLETAS";"5"
"1118";"J.J DE URQUIZA";"5"
"1119";"JUBILEO";"5"
"1120";"LA CLARITA";"5"
"1121";"LA CRIOLLA";"5"
"1122";"LA ESMERALDA";"5"
"1123";"LA FLORIDA";"5"
"1124";"LA FRATERNIDAD";"5"
"1125";"LA HIERRA";"5"
"1126";"LA OLLITA";"5"
"1127";"LA PAZ";"5"
"1128";"LA PICADA";"5"
"1129";"LA PROVIDENCIA";"5"
"1130";"LA VERBENA";"5"
"1131";"LAGUNA BENÍTEZ";"5"
"1132";"LARROQUE";"5"
"1133";"LAS CUEVAS";"5"
"1134";"LAS GARZAS";"5"
"1135";"LAS GUACHAS";"5"
"1136";"LAS MERCEDES";"5"
"1137";"LAS MOSCAS";"5"
"1138";"LAS MULITAS";"5"
"1139";"LAS TOSCAS";"5"
"1140";"LAURENCENA";"5"
"1141";"LIBERTADOR SAN MARTÍN";"5"
"1142";"LOMA LIMPIA";"5"
"1143";"LOS CEIBOS";"5"
"1144";"LOS CHARRUAS";"5"
"1145";"LOS CONQUISTADORES";"5"
"1146";"LUCAS GONZÁLEZ";"5"
"1147";"LUCAS N.";"5"
"1148";"LUCAS S. 1ª";"5"
"1149";"LUCAS S. 2ª";"5"
"1150";"MACIÁ";"5"
"1151";"MARÍA GRANDE";"5"
"1152";"MARÍA GRANDE 2ª";"5"
"1153";"MÉDANOS";"5"
"1154";"MOJONES N.";"5"
"1155";"MOJONES S.";"5"
"1156";"MOLINO DOLL";"5"
"1157";"MONTE REDONDO";"5"
"1158";"MONTOYA";"5"
"1159";"MULAS GRANDES";"5"
"1160";"ÑANCAY";"5"
"1161";"NOGOYÁ";"5"
"1162";"NUEVA ESCOCIA";"5"
"1163";"NUEVA VIZCAYA";"5"
"1164";"OMBÚ";"5"
"1165";"ORO VERDE";"5"
"1166";"PARANÁ";"5"
"1167";"PASAJE GUAYAQUIL";"5"
"1168";"PASAJE LAS TUNAS";"5"
"1169";"PASO DE LA ARENA";"5"
"1170";"PASO DE LA LAGUNA";"5"
"1171";"PASO DE LAS PIEDRAS";"5"
"1172";"PASO DUARTE";"5"
"1173";"PASTOR BRITOS";"5"
"1174";"PEDERNAL";"5"
"1175";"PERDICES";"5"
"1176";"PICADA BERÓN";"5"
"1177";"PIEDRAS BLANCAS";"5"
"1178";"PRIMER DISTRITO CUCHILLA";"5"
"1179";"PRIMERO DE MAYO";"5"
"1180";"PRONUNCIAMIENTO";"5"
"1181";"PTO. ALGARROBO";"5"
"1182";"PTO. IBICUY";"5"
"1183";"PUEBLO BRUGO";"5"
"1184";"PUEBLO CAZES";"5"
"1185";"PUEBLO GRAL. BELGRANO";"5"
"1186";"PUEBLO LIEBIG";"5"
"1187";"PUERTO YERUÁ";"5"
"1188";"PUNTA DEL MONTE";"5"
"1189";"QUEBRACHO";"5"
"1190";"QUINTO DISTRITO";"5"
"1191";"RAICES OESTE";"5"
"1192";"RINCÓN DE NOGOYÁ";"5"
"1193";"RINCÓN DEL CINTO";"5"
"1194";"RINCÓN DEL DOLL";"5"
"1195";"RINCÓN DEL GATO";"5"
"1196";"ROCAMORA";"5"
"1197";"ROSARIO DEL TALA";"5"
"1198";"SAN BENITO";"5"
"1199";"SAN CIPRIANO";"5"
"1200";"SAN ERNESTO";"5"
"1201";"SAN GUSTAVO";"5"
"1202";"SAN JAIME";"5"
"1203";"SAN JOSÉ";"5"
"1204";"SAN JOSÉ DE FELICIANO";"5"
"1205";"SAN JUSTO";"5"
"1206";"SAN MARCIAL";"5"
"1207";"SAN PEDRO";"5"
"1208";"SAN RAMÍREZ";"5"
"1209";"SAN RAMÓN";"5"
"1210";"SAN ROQUE";"5"
"1211";"SAN SALVADOR";"5"
"1212";"SAN VÍCTOR";"5"
"1213";"SANTA ANA";"5"
"1214";"SANTA ANITA";"5"
"1215";"SANTA ELENA";"5"
"1216";"SANTA LUCÍA";"5"
"1217";"SANTA LUISA";"5"
"1218";"SAUCE DE LUNA";"5"
"1219";"SAUCE MONTRULL";"5"
"1220";"SAUCE PINTO";"5"
"1221";"SAUCE SUR";"5"
"1222";"SEGUÍ";"5"
"1223";"SIR LEONARD";"5"
"1224";"SOSA";"5"
"1225";"TABOSSI";"5"
"1226";"TEZANOS PINTO";"5"
"1227";"UBAJAY";"5"
"1228";"URDINARRAIN";"5"
"1229";"VEINTE DE SEPTIEMBRE";"5"
"1230";"VIALE";"5"
"1231";"VICTORIA";"5"
"1232";"VILLA CLARA";"5"
"1233";"VILLA DEL ROSARIO";"5"
"1234";"VILLA DOMÍNGUEZ";"5"
"1235";"VILLA ELISA";"5"
"1236";"VILLA FONTANA";"5"
"1237";"VILLA GDOR. ETCHEVEHERE";"5"
"1238";"VILLA MANTERO";"5"
"1239";"VILLA PARANACITO";"5"
"1240";"VILLA URQUIZA";"5"
"1241";"VILLAGUAY";"5"
"1242";"WALTER MOSS";"5"
"1243";"YACARÉ";"5"
"1244";"YESO OESTE";"5"
"1245";"BUENA VISTA";"18"
"1246";"CLORINDA";"18"
"1247";"COL. PASTORIL";"18"
"1248";"CTE. FONTANA";"18"
"1249";"EL COLORADO";"18"
"1250";"EL ESPINILLO";"18"
"1251";"ESTANISLAO DEL CAMPO";"18"
"1252";"10";"18"
"1253";"FORTÍN LUGONES";"18"
"1254";"GRAL. LUCIO V. MANSILLA";"18"
"1255";"GRAL. MANUEL BELGRANO";"18"
"1256";"GRAL. MOSCONI";"18"
"1257";"GRAN GUARDIA";"18"
"1258";"HERRADURA";"18"
"1259";"IBARRETA";"18"
"1260";"ING. JUÁREZ";"18"
"1261";"LAGUNA BLANCA";"18"
"1262";"LAGUNA NAICK NECK";"18"
"1263";"LAGUNA YEMA";"18"
"1264";"LAS LOMITAS";"18"
"1265";"LOS CHIRIGUANOS";"18"
"1266";"MAYOR V. VILLAFAÑE";"18"
"1267";"MISIÓN SAN FCO.";"18"
"1268";"PALO SANTO";"18"
"1269";"PIRANÉ";"18"
"1270";"POZO DEL MAZA";"18"
"1271";"RIACHO HE-HE";"18"
"1272";"SAN HILARIO";"18"
"1273";"SAN MARTÍN II";"18"
"1274";"SIETE PALMAS";"18"
"1275";"SUBTENIENTE PERÍN";"18"
"1276";"TRES LAGUNAS";"18"
"1277";"VILLA DOS TRECE";"18"
"1278";"VILLA ESCOLAR";"18"
"1279";"VILLA GRAL. GÜEMES";"18"
"1280";"ABDON CASTRO TOLAY";"6"
"1281";"ABRA PAMPA";"6"
"1282";"ABRALAITE";"6"
"1283";"AGUAS CALIENTES";"6"
"1284";"ARRAYANAL";"6"
"1285";"BARRIOS";"6"
"1286";"CAIMANCITO";"6"
"1287";"CALILEGUA";"6"
"1288";"CANGREJILLOS";"6"
"1289";"CASPALA";"6"
"1290";"CATUÁ";"6"
"1291";"CIENEGUILLAS";"6"
"1292";"CORANZULLI";"6"
"1293";"CUSI-CUSI";"6"
"1294";"EL AGUILAR";"6"
"1295";"EL CARMEN";"6"
"1296";"EL CÓNDOR";"6"
"1297";"EL FUERTE";"6"
"1298";"EL PIQUETE";"6"
"1299";"EL TALAR";"6"
"1300";"FRAILE PINTADO";"6"
"1301";"HIPÓLITO YRIGOYEN";"6"
"1302";"HUACALERA";"6"
"1303";"HUMAHUACA";"6"
"1304";"LA ESPERANZA";"6"
"1305";"LA MENDIETA";"6"
"1306";"LA QUIACA";"6"
"1307";"LEDESMA";"6"
"1308";"LIBERTADOR GRAL. SAN MARTIN";"6"
"1309";"MAIMARA";"6"
"1310";"MINA PIRQUITAS";"6"
"1311";"MONTERRICO";"6"
"1312";"PALMA SOLA";"6"
"1313";"PALPALÁ";"6"
"1314";"PAMPA BLANCA";"6"
"1315";"PAMPICHUELA";"6"
"1316";"PERICO";"6"
"1317";"PUESTO DEL MARQUÉS";"6"
"1318";"PUESTO VIEJO";"6"
"1319";"PUMAHUASI";"6"
"1320";"PURMAMARCA";"6"
"1321";"RINCONADA";"6"
"1322";"RODEITOS";"6"
"1323";"ROSARIO DE RÍO GRANDE";"6"
"1324";"SAN ANTONIO";"6"
"1325";"SAN FRANCISCO";"6"
"1326";"SAN PEDRO";"6"
"1327";"SAN RAFAEL";"6"
"1328";"SAN SALVADOR";"6"
"1329";"SANTA ANA";"6"
"1330";"SANTA CATALINA";"6"
"1331";"SANTA CLARA";"6"
"1332";"SUSQUES";"6"
"1333";"TILCARA";"6"
"1334";"TRES CRUCES";"6"
"1335";"TUMBAYA";"6"
"1336";"VALLE GRANDE";"6"
"1337";"VINALITO";"6"
"1338";"VOLCÁN";"6"
"1339";"YALA";"6"
"1340";"YAVÍ";"6"
"1341";"YUTO";"6"
"1342";"ABRAMO";"21"
"1343";"ADOLFO VAN PRAET";"21"
"1344";"AGUSTONI";"21"
"1345";"ALGARROBO DEL AGUILA";"21"
"1346";"ALPACHIRI";"21"
"1347";"ALTA ITALIA";"21"
"1348";"ANGUIL";"21"
"1349";"ARATA";"21"
"1350";"ATALIVA ROCA";"21"
"1351";"BERNARDO LARROUDE";"21"
"1352";"BERNASCONI";"21"
"1353";"CALEUFÚ";"21"
"1354";"CARRO QUEMADO";"21"
"1355";"CATRILÓ";"21"
"1356";"CEBALLOS";"21"
"1357";"CHACHARRAMENDI";"21"
"1358";"COL. BARÓN";"21"
"1359";"COL. SANTA MARÍA";"21"
"1360";"CONHELO";"21"
"1361";"CORONEL HILARIO LAGOS";"21"
"1362";"CUCHILLO-CÓ";"21"
"1363";"DOBLAS";"21"
"1364";"DORILA";"21"
"1365";"EDUARDO CASTEX";"21"
"1366";"EMBAJADOR MARTINI";"21"
"1367";"FALUCHO";"21"
"1368";"GRAL. ACHA";"21"
"1369";"GRAL. MANUEL CAMPOS";"21"
"1370";"GRAL. PICO";"21"
"1371";"GUATRACHÉ";"21"
"1372";"ING. LUIGGI";"21"
"1373";"INTENDENTE ALVEAR";"21"
"1374";"JACINTO ARAUZ";"21"
"1375";"LA ADELA";"21"
"1376";"LA HUMADA";"21"
"1377";"LA MARUJA";"21"
"1378";"12";"21"
"1379";"LA REFORMA";"21"
"1380";"LIMAY MAHUIDA";"21"
"1381";"LONQUIMAY";"21"
"1382";"LOVENTUEL";"21"
"1383";"LUAN TORO";"21"
"1384";"MACACHÍN";"21"
"1385";"MAISONNAVE";"21"
"1386";"MAURICIO MAYER";"21"
"1387";"METILEO";"21"
"1388";"MIGUEL CANÉ";"21"
"1389";"MIGUEL RIGLOS";"21"
"1390";"MONTE NIEVAS";"21"
"1391";"PARERA";"21"
"1392";"PERÚ";"21"
"1393";"PICHI-HUINCA";"21"
"1394";"PUELCHES";"21"
"1395";"PUELÉN";"21"
"1396";"QUEHUE";"21"
"1397";"QUEMÚ QUEMÚ";"21"
"1398";"QUETREQUÉN";"21"
"1399";"RANCUL";"21"
"1400";"REALICÓ";"21"
"1401";"RELMO";"21"
"1402";"ROLÓN";"21"
"1403";"RUCANELO";"21"
"1404";"SARAH";"21"
"1405";"SPELUZZI";"21"
"1406";"STA. ISABEL";"21"
"1407";"STA. ROSA";"21"
"1408";"STA. TERESA";"21"
"1409";"TELÉN";"21"
"1410";"TOAY";"21"
"1411";"TOMAS M. DE ANCHORENA";"21"
"1412";"TRENEL";"21"
"1413";"UNANUE";"21"
"1414";"URIBURU";"21"
"1415";"VEINTICINCO DE MAYO";"21"
"1416";"VERTIZ";"21"
"1417";"VICTORICA";"21"
"1418";"VILLA MIRASOL";"21"
"1419";"WINIFREDA";"21"
"1420";"ARAUCO";"8"
"1421";"CAPITAL";"8"
"1422";"CASTRO BARROS";"8"
"1423";"CHAMICAL";"8"
"1424";"CHILECITO";"8"
"1425";"CORONEL F. VARELA";"8"
"1426";"FAMATINA";"8"
"1427";"GRAL. A.V.PEÑALOZA";"8"
"1428";"GRAL. BELGRANO";"8"
"1429";"GRAL. J.F. QUIROGA";"8"
"1430";"GRAL. LAMADRID";"8"
"1431";"GRAL. OCAMPO";"8"
"1432";"GRAL. SAN MARTÍN";"8"
"1433";"INDEPENDENCIA";"8"
"1434";"ROSARIO PENALOZA";"8"
"1435";"SAN BLAS DE LOS SAUCES";"8"
"1436";"SANAGASTA";"8"
"1437";"VINCHINA";"8"
"1438";"CAPITAL";"7"
"1439";"CHACRAS DE CORIA";"7"
"1440";"DORREGO";"7"
"1441";"GLLEN";"7"
"1442";"GODOY CRUZ";"7"
"1443";"GRAL. ALVEAR";"7"
"1444";"GUAYMALLÉN";"7"
"1445";"JUNÍN";"7"
"1446";"LA PAZ";"7"
"1447";"LAS HERAS";"7"
"1448";"LAVALLE";"7"
"1449";"LUJÁN";"7"
"1450";"LUJÁN DE CUYO";"7"
"1451";"MAIPÚ";"7"
"1452";"MALARGÜE";"7"
"1453";"RIVADAVIA";"7"
"1454";"SAN CARLOS";"7"
"1455";"SAN MARTÍN";"7"
"1456";"SAN RAFAEL";"7"
"1457";"STA. ROSA";"7"
"1458";"TUNUYÁN";"7"
"1459";"TUPUNGATO";"7"
"1460";"VILLA NUEVA";"7"
"1461";"ALBA POSSE";"19"
"1462";"ALMAFUERTE";"19"
"1463";"APÓSTOLES";"19"
"1464";"ARISTÓBULO DEL VALLE";"19"
"1465";"ARROYO DEL MEDIO";"19"
"1466";"AZARA";"19"
"1467";"BDO. DE IRIGOYEN";"19"
"1468";"BONPLAND";"19"
"1469";"CAÁ YARI";"19"
"1470";"CAMPO GRANDE";"19"
"1471";"CAMPO RAMÓN";"19"
"1472";"CAMPO VIERA";"19"
"1473";"CANDELARIA";"19"
"1474";"CAPIOVÍ";"19"
"1475";"CARAGUATAY";"19"
"1476";"CDTE. GUACURARÍ";"19"
"1477";"CERRO AZUL";"19"
"1478";"CERRO CORÁ";"19"
"1479";"COL. ALBERDI";"19"
"1480";"COL. AURORA";"19"
"1481";"COL. DELICIA";"19"
"1482";"COL. POLANA";"19"
"1483";"COL. VICTORIA";"19"
"1484";"COL. WANDA";"19"
"1485";"CONCEPCIÓN DE LA SIERRA";"19"
"1486";"CORPUS";"19"
"1487";"DOS ARROYOS";"19"
"1488";"DOS DE MAYO";"19"
"1489";"EL ALCÁZAR";"19"
"1490";"EL DORADO";"19"
"1491";"EL SOBERBIO";"19"
"1492";"ESPERANZA";"19"
"1493";"F. AMEGHINO";"19"
"1494";"FACHINAL";"19"
"1495";"GARUHAPÉ";"19"
"1496";"GARUPÁ";"19"
"1497";"GDOR. LÓPEZ";"19"
"1498";"GDOR. ROCA";"19"
"1499";"GRAL. ALVEAR";"19"
"1500";"GRAL. URQUIZA";"19"
"1501";"GUARANÍ";"19"
"1502";"H. YRIGOYEN";"19"
"1503";"IGUAZÚ";"19"
"1504";"ITACARUARÉ";"19"
"1505";"JARDÍN AMÉRICA";"19"
"1506";"LEANDRO N. ALEM";"19"
"1507";"LIBERTAD";"19"
"1508";"LORETO";"19"
"1509";"LOS HELECHOS";"19"
"1510";"MÁRTIRES";"19"
"1511";"15";"19"
"1512";"MOJÓN GRANDE";"19"
"1513";"MONTECARLO";"19"
"1514";"NUEVE DE JULIO";"19"
"1515";"OBERÁ";"19"
"1516";"OLEGARIO V. ANDRADE";"19"
"1517";"PANAMBÍ";"19"
"1518";"POSADAS";"19"
"1519";"PROFUNDIDAD";"19"
"1520";"PTO. IGUAZÚ";"19"
"1521";"PTO. LEONI";"19"
"1522";"PTO. PIRAY";"19"
"1523";"PTO. RICO";"19"
"1524";"RUIZ DE MONTOYA";"19"
"1525";"SAN ANTONIO";"19"
"1526";"SAN IGNACIO";"19"
"1527";"SAN JAVIER";"19"
"1528";"SAN JOSÉ";"19"
"1529";"SAN MARTÍN";"19"
"1530";"SAN PEDRO";"19"
"1531";"SAN VICENTE";"19"
"1532";"SANTIAGO DE LINIERS";"19"
"1533";"SANTO PIPO";"19"
"1534";"STA. ANA";"19"
"1535";"STA. MARÍA";"19"
"1536";"TRES CAPONES";"19"
"1537";"VEINTICINCO DE MAYO";"19"
"1538";"WANDA";"19"
"1539";"AGUADA SAN ROQUE";"20"
"1540";"ALUMINÉ";"20"
"1541";"ANDACOLLO";"20"
"1542";"AÑELO";"20"
"1543";"BAJADA DEL AGRIO";"20"
"1544";"BARRANCAS";"20"
"1545";"BUTA RANQUIL";"20"
"1546";"CAPITAL";"20"
"1547";"CAVIAHUÉ";"20"
"1548";"CENTENARIO";"20"
"1549";"CHORRIACA";"20"
"1550";"CHOS MALAL";"20"
"1551";"CIPOLLETTI";"20"
"1552";"COVUNCO ABAJO";"20"
"1553";"COYUCO COCHICO";"20"
"1554";"CUTRAL CÓ";"20"
"1555";"EL CHOLAR";"20"
"1556";"EL HUECÚ";"20"
"1557";"EL SAUCE";"20"
"1558";"GUAÑACOS";"20"
"1559";"HUINGANCO";"20"
"1560";"LAS COLORADAS";"20"
"1561";"LAS LAJAS";"20"
"1562";"LAS OVEJAS";"20"
"1563";"LONCOPUÉ";"20"
"1564";"LOS CATUTOS";"20"
"1565";"LOS CHIHUIDOS";"20"
"1566";"LOS MICHES";"20"
"1567";"MANZANO AMARGO";"20"
"1568";"NEUQUÉN";"20"
"1569";"OCTAVIO PICO";"20"
"1570";"PASO AGUERRE";"20"
"1571";"PICÚN LEUFÚ";"20"
"1572";"PIEDRA DEL AGUILA";"20"
"1573";"PILO LIL";"20"
"1574";"PLAZA HUINCUL";"20"
"1575";"PLOTTIER";"20"
"1576";"QUILI MALAL";"20"
"1577";"RAMÓN CASTRO";"20"
"1578";"RINCÓN DE LOS SAUCES";"20"
"1579";"SAN MARTÍN DE LOS ANDES";"20"
"1580";"SAN PATRICIO DEL CHAÑAR";"20"
"1581";"SANTO TOMÁS";"20"
"1582";"SAUZAL BONITO";"20"
"1583";"SENILLOSA";"20"
"1584";"TAQUIMILÁN";"20"
"1585";"TRICAO MALAL";"20"
"1586";"VARVARCO";"20"
"1587";"VILLA CURÍ LEUVU";"20"
"1588";"VILLA DEL NAHUEVE";"20"
"1589";"VILLA DEL PUENTE PICÚN LEUVÚ";"20"
"1590";"VILLA EL CHOCÓN";"20"
"1591";"VILLA LA ANGOSTURA";"20"
"1592";"VILLA PEHUENIA";"20"
"1593";"VILLA TRAFUL";"20"
"1594";"VISTA ALEGRE";"20"
"1595";"ZAPALA";"20"
"1596";"AGUADA CECILIO";"22"
"1597";"AGUADA DE GUERRA";"22"
"1598";"ALLÉN";"22"
"1599";"ARROYO DE LA VENTANA";"22"
"1600";"ARROYO LOS BERROS";"22"
"1601";"BARILOCHE";"22"
"1602";"CALTE. CORDERO";"22"
"1603";"CAMPO GRANDE";"22"
"1604";"CATRIEL";"22"
"1605";"CERRO POLICÍA";"22"
"1606";"CERVANTES";"22"
"1607";"CHELFORO";"22"
"1608";"CHIMPAY";"22"
"1609";"CHINCHINALES";"22"
"1610";"CHIPAUQUIL";"22"
"1611";"CHOELE CHOEL";"22"
"1612";"CINCO SALTOS";"22"
"1613";"CIPOLLETTI";"22"
"1614";"CLEMENTE ONELLI";"22"
"1615";"COLÁN CONHUE";"22"
"1616";"COMALLO";"22"
"1617";"COMICÓ";"22"
"1618";"CONA NIYEU";"22"
"1619";"CORONEL BELISLE";"22"
"1620";"CUBANEA";"22"
"1621";"DARWIN";"22"
"1622";"DINA HUAPI";"22"
"1623";"EL BOLSÓN";"22"
"1624";"EL CAÍN";"22"
"1625";"EL MANSO";"22"
"1626";"GRAL. CONESA";"22"
"1627";"GRAL. ENRIQUE GODOY";"22"
"1628";"GRAL. FERNANDEZ ORO";"22"
"1629";"GRAL. ROCA";"22"
"1630";"GUARDIA MITRE";"22"
"1631";"ING. HUERGO";"22"
"1632";"ING. JACOBACCI";"22"
"1633";"LAGUNA BLANCA";"22"
"1634";"LAMARQUE";"22"
"1635";"LAS GRUTAS";"22"
"1636";"LOS MENUCOS";"22"
"1637";"LUIS BELTRÁN";"22"
"1638";"MAINQUÉ";"22"
"1639";"MAMUEL CHOIQUE";"22"
"1640";"MAQUINCHAO";"22"
"1641";"MENCUÉ";"22"
"1642";"MTRO. RAMOS MEXIA";"22"
"1643";"NAHUEL NIYEU";"22"
"1644";"NAUPA HUEN";"22"
"1645";"ÑORQUINCO";"22"
"1646";"OJOS DE AGUA";"22"
"1647";"PASO DE AGUA";"22"
"1648";"PASO FLORES";"22"
"1649";"PEÑAS BLANCAS";"22"
"1650";"PICHI MAHUIDA";"22"
"1651";"PILCANIYEU";"22"
"1652";"POMONA";"22"
"1653";"PRAHUANIYEU";"22"
"1654";"RINCÓN TRENETA";"22"
"1655";"RÍO CHICO";"22"
"1656";"RÍO COLORADO";"22"
"1657";"ROCA";"22"
"1658";"SAN ANTONIO OESTE";"22"
"1659";"SAN JAVIER";"22"
"1660";"SIERRA COLORADA";"22"
"1661";"SIERRA GRANDE";"22"
"1662";"SIERRA PAILEMÁN";"22"
"1663";"VALCHETA";"22"
"1664";"VALLE AZUL";"22"
"1665";"VIEDMA";"22"
"1666";"VILLA LLANQUÍN";"22"
"1667";"VILLA MASCARDI";"22"
"1668";"VILLA REGINA";"22"
"1669";"YAMINUÉ";"22"
"1670";"A. SARAVIA";"9"
"1671";"AGUARAY";"9"
"1672";"ANGASTACO";"9"
"1673";"ANIMANÁ";"9"
"1674";"CACHI";"9"
"1675";"CAFAYATE";"9"
"1676";"CAMPO QUIJANO";"9"
"1677";"CAMPO SANTO";"9"
"1678";"CAPITAL";"9"
"1679";"CERRILLOS";"9"
"1680";"CHICOANA";"9"
"1681";"COL. STA. ROSA";"9"
"1682";"CORONEL MOLDES";"9"
"1683";"EL BORDO";"9"
"1684";"EL CARRIL";"9"
"1685";"EL GALPÓN";"9"
"1686";"EL JARDÍN";"9"
"1687";"EL POTRERO";"9"
"1688";"EL QUEBRACHAL";"9"
"1689";"EL TALA";"9"
"1690";"EMBARCACIÓN";"9"
"1691";"GRAL. BALLIVIAN";"9"
"1692";"GRAL. GÜEMES";"9"
"1693";"GRAL. MOSCONI";"9"
"1694";"GRAL. PIZARRO";"9"
"1695";"GUACHIPAS";"9"
"1696";"HIPÓLITO YRIGOYEN";"9"
"1697";"IRUYÁ";"9"
"1698";"ISLA DE CAÑAS";"9"
"1699";"J. V. GONZALEZ";"9"
"1700";"LA CALDERA";"9"
"1701";"LA CANDELARIA";"9"
"1702";"LA MERCED";"9"
"1703";"LA POMA";"9"
"1704";"LA VIÑA";"9"
"1705";"LAS LAJITAS";"9"
"1706";"LOS TOLDOS";"9"
"1707";"METÁN";"9"
"1708";"MOLINOS";"9"
"1709";"NAZARENO";"9"
"1710";"ORÁN";"9"
"1711";"PAYOGASTA";"9"
"1712";"PICHANAL";"9"
"1713";"PROF. S. MAZZA";"9"
"1714";"RÍO PIEDRAS";"9"
"1715";"RIVADAVIA BANDA NORTE";"9"
"1716";"RIVADAVIA BANDA SUR";"9"
"1717";"ROSARIO DE LA FRONTERA";"9"
"1718";"ROSARIO DE LERMA";"9"
"1719";"SACLANTÁS";"9"
"1720";"18";"9"
"1721";"SAN ANTONIO";"9"
"1722";"SAN CARLOS";"9"
"1723";"SAN JOSÉ DE METÁN";"9"
"1724";"SAN RAMÓN";"9"
"1725";"SANTA VICTORIA E.";"9"
"1726";"SANTA VICTORIA O.";"9"
"1727";"TARTAGAL";"9"
"1728";"TOLAR GRANDE";"9"
"1729";"URUNDEL";"9"
"1730";"VAQUEROS";"9"
"1731";"VILLA SAN LORENZO";"9"
"1732";"ALBARDÓN";"10"
"1733";"ANGACO";"10"
"1734";"CALINGASTA";"10"
"1735";"CAPITAL";"10"
"1736";"CAUCETE";"10"
"1737";"CHIMBAS";"10"
"1738";"IGLESIA";"10"
"1739";"JACHAL";"10"
"1740";"NUEVE DE JULIO";"10"
"1741";"POCITO";"10"
"1742";"RAWSON";"10"
"1743";"RIVADAVIA";"10"
"1744";"19";"10"
"1745";"SAN MARTÍN";"10"
"1746";"SANTA LUCÍA";"10"
"1747";"SARMIENTO";"10"
"1748";"ULLUM";"10"
"1749";"VALLE FÉRTIL";"10"
"1750";"VEINTICINCO DE MAYO";"10"
"1751";"ZONDA";"10"
"1752";"ALTO PELADO";"11"
"1753";"ALTO PENCOSO";"11"
"1754";"ANCHORENA";"11"
"1755";"ARIZONA";"11"
"1756";"BAGUAL";"11"
"1757";"BALDE";"11"
"1758";"BATAVIA";"11"
"1759";"BEAZLEY";"11"
"1760";"BUENA ESPERANZA";"11"
"1761";"CANDELARIA";"11"
"1762";"CAPITAL";"11"
"1763";"CAROLINA";"11"
"1764";"CARPINTERÍA";"11"
"1765";"CONCARÁN";"11"
"1766";"CORTADERAS";"11"
"1767";"EL MORRO";"11"
"1768";"EL TRAPICHE";"11"
"1769";"EL VOLCÁN";"11"
"1770";"FORTÍN EL PATRIA";"11"
"1771";"FORTUNA";"11"
"1772";"FRAGA";"11"
"1773";"JUAN JORBA";"11"
"1774";"JUAN LLERENA";"11"
"1775";"JUANA KOSLAY";"11"
"1776";"JUSTO DARACT";"11"
"1777";"LA CALERA";"11"
"1778";"LA FLORIDA";"11"
"1779";"LA PUNILLA";"11"
"1780";"LA TOMA";"11"
"1781";"LAFINUR";"11"
"1782";"LAS AGUADAS";"11"
"1783";"LAS CHACRAS";"11"
"1784";"LAS LAGUNAS";"11"
"1785";"LAS VERTIENTES";"11"
"1786";"LAVAISSE";"11"
"1787";"LEANDRO N. ALEM";"11"
"1788";"LOS MOLLES";"11"
"1789";"LUJÁN";"11"
"1790";"MERCEDES";"11"
"1791";"MERLO";"11"
"1792";"NASCHEL";"11"
"1793";"NAVIA";"11"
"1794";"NOGOLÍ";"11"
"1795";"NUEVA GALIA";"11"
"1796";"PAPAGAYOS";"11"
"1797";"PASO GRANDE";"11"
"1798";"POTRERO DE LOS FUNES";"11"
"1799";"QUINES";"11"
"1800";"RENCA";"11"
"1801";"SALADILLO";"11"
"1802";"SAN FRANCISCO";"11"
"1803";"SAN GERÓNIMO";"11"
"1804";"SAN MARTÍN";"11"
"1805";"SAN PABLO";"11"
"1806";"SANTA ROSA DE CONLARA";"11"
"1807";"TALITA";"11"
"1808";"TILISARAO";"11"
"1809";"UNIÓN";"11"
"1810";"VILLA DE LA QUEBRADA";"11"
"1811";"VILLA DE PRAGA";"11"
"1812";"VILLA DEL CARMEN";"11"
"1813";"VILLA GRAL. ROCA";"11"
"1814";"VILLA LARCA";"11"
"1815";"VILLA MERCEDES";"11"
"1816";"ZANJITAS";"11"
"1817";"CALAFATE";"23"
"1818";"CALETA OLIVIA";"23"
"1819";"CAÑADÓN SECO";"23"
"1820";"COMANDANTE PIEDRABUENA";"23"
"1821";"EL CALAFATE";"23"
"1822";"EL CHALTÉN";"23"
"1823";"GDOR. GREGORES";"23"
"1824";"HIPÓLITO YRIGOYEN";"23"
"1825";"JARAMILLO";"23"
"1826";"KOLUEL KAIKE";"23"
"1827";"LAS HERAS";"23"
"1828";"LOS ANTIGUOS";"23"
"1829";"PERITO MORENO";"23"
"1830";"PICO TRUNCADO";"23"
"1831";"PTO. DESEADO";"23"
"1832";"PTO. SAN JULIÁN";"23"
"1833";"PTO. 21";"23"
"1834";"RÍO CUARTO";"23"
"1835";"RÍO GALLEGOS";"23"
"1836";"RÍO TURBIO";"23"
"1837";"TRES LAGOS";"23"
"1838";"VEINTIOCHO DE NOVIEMBRE";"23"
"1839";"AARÓN CASTELLANOS";"12"
"1840";"ACEBAL";"12"
"1841";"AGUARÁ GRANDE";"12"
"1842";"ALBARELLOS";"12"
"1843";"ALCORTA";"12"
"1844";"ALDAO";"12"
"1845";"ALEJANDRA";"12"
"1846";"ÁLVAREZ";"12"
"1847";"AMBROSETTI";"12"
"1848";"AMENÁBAR";"12"
"1849";"ANGÉLICA";"12"
"1850";"ANGELONI";"12"
"1851";"AREQUITO";"12"
"1852";"ARMINDA";"12"
"1853";"ARMSTRONG";"12"
"1854";"AROCENA";"12"
"1855";"ARROYO AGUIAR";"12"
"1856";"ARROYO CEIBAL";"12"
"1857";"ARROYO LEYES";"12"
"1858";"ARROYO SECO";"12"
"1859";"ARRUFÓ";"12"
"1860";"ARTEAGA";"12"
"1861";"ATALIVA";"12"
"1862";"AURELIA";"12"
"1863";"AVELLANEDA";"12"
"1864";"BARRANCAS";"12"
"1865";"BAUER Y SIGEL";"12"
"1866";"BELLA ITALIA";"12"
"1867";"BERABEVÚ";"12"
"1868";"BERNA";"12"
"1869";"BERNARDO DE IRIGOYEN";"12"
"1870";"BIGAND";"12"
"1871";"BOMBAL";"12"
"1872";"BOUQUET";"12"
"1873";"BUSTINZA";"12"
"1874";"CABAL";"12"
"1875";"CACIQUE ARIACAIQUIN";"12"
"1876";"CAFFERATA";"12"
"1877";"CALCHAQUÍ";"12"
"1878";"CAMPO ANDINO";"12"
"1879";"CAMPO PIAGGIO";"12"
"1880";"CAÑADA DE GÓMEZ";"12"
"1881";"CAÑADA DEL UCLE";"12"
"1882";"CAÑADA RICA";"12"
"1883";"CAÑADA ROSQUÍN";"12"
"1884";"CANDIOTI";"12"
"1885";"CAPITAL";"12"
"1886";"CAPITÁN BERMÚDEZ";"12"
"1887";"CAPIVARA";"12"
"1888";"CARCARAÑÁ";"12"
"1889";"CARLOS PELLEGRINI";"12"
"1890";"CARMEN";"12"
"1891";"CARMEN DEL SAUCE";"12"
"1892";"CARRERAS";"12"
"1893";"CARRIZALES";"12"
"1894";"CASALEGNO";"12"
"1895";"CASAS";"12"
"1896";"CASILDA";"12"
"1897";"CASTELAR";"12"
"1898";"CASTELLANOS";"12"
"1899";"CAYASTÁ";"12"
"1900";"CAYASTACITO";"12"
"1901";"CENTENO";"12"
"1902";"CEPEDA";"12"
"1903";"CERES";"12"
"1904";"CHABÁS";"12"
"1905";"CHAÑAR LADEADO";"12"
"1906";"CHAPUY";"12"
"1907";"CHOVET";"12"
"1908";"CHRISTOPHERSEN";"12"
"1909";"CLASSON";"12"
"1910";"CNEL. ARNOLD";"12"
"1911";"CNEL. BOGADO";"12"
"1912";"CNEL. DOMINGUEZ";"12"
"1913";"CNEL. FRAGA";"12"
"1914";"COL. ALDAO";"12"
"1915";"COL. ANA";"12"
"1916";"COL. BELGRANO";"12"
"1917";"COL. BICHA";"12"
"1918";"COL. BIGAND";"12"
"1919";"COL. BOSSI";"12"
"1920";"COL. CAVOUR";"12"
"1921";"COL. CELLO";"12"
"1922";"COL. DOLORES";"12"
"1923";"COL. DOS ROSAS";"12"
"1924";"COL. DURÁN";"12"
"1925";"COL. ITURRASPE";"12"
"1926";"COL. MARGARITA";"12"
"1927";"COL. MASCIAS";"12"
"1928";"COL. RAQUEL";"12"
"1929";"COL. ROSA";"12"
"1930";"COL. SAN JOSÉ";"12"
"1931";"CONSTANZA";"12"
"1932";"CORONDA";"12"
"1933";"CORREA";"12"
"1934";"CRISPI";"12"
"1935";"CULULÚ";"12"
"1936";"CURUPAYTI";"12"
"1937";"DESVIO ARIJÓN";"12"
"1938";"DIAZ";"12"
"1939";"DIEGO DE ALVEAR";"12"
"1940";"EGUSQUIZA";"12"
"1941";"EL ARAZÁ";"12"
"1942";"EL RABÓN";"12"
"1943";"EL SOMBRERITO";"12"
"1944";"EL TRÉBOL";"12"
"1945";"ELISA";"12"
"1946";"ELORTONDO";"12"
"1947";"EMILIA";"12"
"1948";"EMPALME SAN CARLOS";"12"
"1949";"EMPALME VILLA CONSTITUCION";"12"
"1950";"ESMERALDA";"12"
"1951";"ESPERANZA";"12"
"1952";"ESTACIÓN ALVEAR";"12"
"1953";"ESTACION CLUCELLAS";"12"
"1954";"ESTEBAN RAMS";"12"
"1955";"ESTHER";"12"
"1956";"ESUSTOLIA";"12"
"1957";"EUSEBIA";"12"
"1958";"FELICIA";"12"
"1959";"FIDELA";"12"
"1960";"FIGHIERA";"12"
"1961";"FIRMAT";"12"
"1962";"FLORENCIA";"12"
"1963";"FORTÍN OLMOS";"12"
"1964";"FRANCK";"12"
"1965";"FRAY LUIS BELTRÁN";"12"
"1966";"FRONTERA";"12"
"1967";"FUENTES";"12"
"1968";"FUNES";"12"
"1969";"GABOTO";"12"
"1970";"GALISTEO";"12"
"1971";"GÁLVEZ";"12"
"1972";"GARABALTO";"12"
"1973";"GARIBALDI";"12"
"1974";"GATO COLORADO";"12"
"1975";"GDOR. CRESPO";"12"
"1976";"GESSLER";"12"
"1977";"GODOY";"12"
"1978";"GOLONDRINA";"12"
"1979";"GRAL. GELLY";"12"
"1980";"GRAL. LAGOS";"12"
"1981";"GRANADERO BAIGORRIA";"12"
"1982";"GREGORIA PEREZ DE DENIS";"12"
"1983";"GRUTLY";"12"
"1984";"GUADALUPE N.";"12"
"1985";"GÖDEKEN";"12"
"1986";"HELVECIA";"12"
"1987";"HERSILIA";"12"
"1988";"HIPATÍA";"12"
"1989";"HUANQUEROS";"12"
"1990";"HUGENTOBLER";"12"
"1991";"HUGHES";"12"
"1992";"HUMBERTO 1º";"12"
"1993";"HUMBOLDT";"12"
"1994";"IBARLUCEA";"12"
"1995";"ING. CHANOURDIE";"12"
"1996";"INTIYACO";"12"
"1997";"ITUZAINGÓ";"12"
"1998";"JACINTO L. ARÁUZ";"12"
"1999";"JOSEFINA";"12"
"2000";"JUAN B. MOLINA";"12"
"2001";"JUAN DE GARAY";"12"
"2002";"JUNCAL";"12"
"2003";"LA BRAVA";"12"
"2004";"LA CABRAL";"12"
"2005";"LA CAMILA";"12"
"2006";"LA CHISPA";"12"
"2007";"LA CLARA";"12"
"2008";"LA CRIOLLA";"12"
"2009";"LA GALLARETA";"12"
"2010";"LA LUCILA";"12"
"2011";"LA PELADA";"12"
"2012";"LA PENCA";"12"
"2013";"LA RUBIA";"12"
"2014";"LA SARITA";"12"
"2015";"LA VANGUARDIA";"12"
"2016";"LABORDEBOY";"12"
"2017";"LAGUNA PAIVA";"12"
"2018";"LANDETA";"12"
"2019";"LANTERI";"12"
"2020";"LARRECHEA";"12"
"2021";"LAS AVISPAS";"12"
"2022";"LAS BANDURRIAS";"12"
"2023";"LAS GARZAS";"12"
"2024";"LAS PALMERAS";"12"
"2025";"LAS PAREJAS";"12"
"2026";"LAS PETACAS";"12"
"2027";"LAS ROSAS";"12"
"2028";"LAS TOSCAS";"12"
"2029";"LAS TUNAS";"12"
"2030";"LAZZARINO";"12"
"2031";"LEHMANN";"12"
"2032";"LLAMBI CAMPBELL";"12"
"2033";"LOGROÑO";"12"
"2034";"LOMA ALTA";"12"
"2035";"LÓPEZ";"12"
"2036";"LOS AMORES";"12"
"2037";"LOS CARDOS";"12"
"2038";"LOS LAURELES";"12"
"2039";"LOS MOLINOS";"12"
"2040";"LOS QUIRQUINCHOS";"12"
"2041";"LUCIO V. LOPEZ";"12"
"2042";"LUIS PALACIOS";"12"
"2043";"MA. JUANA";"12"
"2044";"MA. LUISA";"12"
"2045";"MA. SUSANA";"12"
"2046";"MA. TERESA";"12"
"2047";"MACIEL";"12"
"2048";"MAGGIOLO";"12"
"2049";"MALABRIGO";"12"
"2050";"MARCELINO ESCALADA";"12"
"2051";"MARGARITA";"12"
"2052";"MATILDE";"12"
"2053";"MAUÁ";"12"
"2054";"MÁXIMO PAZ";"12"
"2055";"MELINCUÉ";"12"
"2056";"MIGUEL TORRES";"12"
"2057";"MOISÉS VILLE";"12"
"2058";"MONIGOTES";"12"
"2059";"MONJE";"12"
"2060";"MONTE OBSCURIDAD";"12"
"2061";"MONTE VERA";"12"
"2062";"MONTEFIORE";"12"
"2063";"MONTES DE OCA";"12"
"2064";"MURPHY";"12"
"2065";"ÑANDUCITA";"12"
"2066";"NARÉ";"12"
"2067";"NELSON";"12"
"2068";"NICANOR E. MOLINAS";"12"
"2069";"NUEVO TORINO";"12"
"2070";"OLIVEROS";"12"
"2071";"PALACIOS";"12"
"2072";"PAVÓN";"12"
"2073";"PAVÓN ARRIBA";"12"
"2074";"PEDRO GÓMEZ CELLO";"12"
"2075";"PÉREZ";"12"
"2076";"PEYRANO";"12"
"2077";"PIAMONTE";"12"
"2078";"PILAR";"12"
"2079";"PIÑERO";"12"
"2080";"PLAZA CLUCELLAS";"12"
"2081";"PORTUGALETE";"12"
"2082";"POZO BORRADO";"12"
"2083";"PROGRESO";"12"
"2084";"PROVIDENCIA";"12"
"2085";"PTE. ROCA";"12"
"2086";"PUEBLO ANDINO";"12"
"2087";"PUEBLO ESTHER";"12"
"2088";"PUEBLO GRAL. SAN MARTÍN";"12"
"2089";"PUEBLO IRIGOYEN";"12"
"2090";"PUEBLO MARINI";"12"
"2091";"PUEBLO MUÑOZ";"12"
"2092";"PUEBLO URANGA";"12"
"2093";"PUJATO";"12"
"2094";"PUJATO N.";"12"
"2095";"RAFAELA";"12"
"2096";"RAMAYÓN";"12"
"2097";"RAMONA";"12"
"2098";"RECONQUISTA";"12"
"2099";"RECREO";"12"
"2100";"RICARDONE";"12"
"2101";"RIVADAVIA";"12"
"2102";"ROLDÁN";"12"
"2103";"ROMANG";"12"
"2104";"ROSARIO";"12"
"2105";"RUEDA";"12"
"2106";"RUFINO";"12"
"2107";"SA PEREIRA";"12"
"2108";"SAGUIER";"12"
"2109";"SALADERO M. CABAL";"12"
"2110";"SALTO GRANDE";"12"
"2111";"SAN AGUSTÍN";"12"
"2112";"SAN ANTONIO DE OBLIGADO";"12"
"2113";"SAN BERNARDO (N.J.)";"12"
"2114";"SAN BERNARDO (S.J.)";"12"
"2115";"SAN CARLOS CENTRO";"12"
"2116";"SAN CARLOS N.";"12"
"2117";"SAN CARLOS S.";"12"
"2118";"SAN CRISTÓBAL";"12"
"2119";"SAN EDUARDO";"12"
"2120";"SAN EUGENIO";"12"
"2121";"SAN FABIÁN";"12"
"2122";"SAN FCO. DE SANTA FÉ";"12"
"2123";"SAN GENARO";"12"
"2124";"SAN GENARO N.";"12"
"2125";"SAN GREGORIO";"12"
"2126";"SAN GUILLERMO";"12"
"2127";"SAN JAVIER";"12"
"2128";"SAN JERÓNIMO DEL SAUCE";"12"
"2129";"SAN JERÓNIMO N.";"12"
"2130";"SAN JERÓNIMO S.";"12"
"2131";"SAN JORGE";"12"
"2132";"SAN JOSÉ DE LA ESQUINA";"12"
"2133";"SAN JOSÉ DEL RINCÓN";"12"
"2134";"SAN JUSTO";"12"
"2135";"SAN LORENZO";"12"
"2136";"SAN MARIANO";"12"
"2137";"SAN MARTÍN DE LAS ESCOBAS";"12"
"2138";"SAN MARTÍN N.";"12"
"2139";"SAN VICENTE";"12"
"2140";"SANCTI SPITITU";"12"
"2141";"SANFORD";"12"
"2142";"SANTO DOMINGO";"12"
"2143";"SANTO TOMÉ";"12"
"2144";"SANTURCE";"12"
"2145";"SARGENTO CABRAL";"12"
"2146";"SARMIENTO";"12"
"2147";"SASTRE";"12"
"2148";"SAUCE VIEJO";"12"
"2149";"SERODINO";"12"
"2150";"SILVA";"12"
"2151";"SOLDINI";"12"
"2152";"SOLEDAD";"12"
"2153";"SOUTOMAYOR";"12"
"2154";"STA. CLARA DE BUENA VISTA";"12"
"2155";"STA. CLARA DE SAGUIER";"12"
"2156";"STA. ISABEL";"12"
"2157";"STA. MARGARITA";"12"
"2158";"STA. MARIA CENTRO";"12"
"2159";"STA. MARÍA N.";"12"
"2160";"STA. ROSA";"12"
"2161";"STA. TERESA";"12"
"2162";"SUARDI";"12"
"2163";"SUNCHALES";"12"
"2164";"SUSANA";"12"
"2165";"TACUARENDÍ";"12"
"2166";"TACURAL";"12"
"2167";"TARTAGAL";"12"
"2168";"TEODELINA";"12"
"2169";"THEOBALD";"12"
"2170";"TIMBÚES";"12"
"2171";"TOBA";"12"
"2172";"TORTUGAS";"12"
"2173";"TOSTADO";"12"
"2174";"TOTORAS";"12"
"2175";"TRAILL";"12"
"2176";"VENADO TUERTO";"12"
"2177";"VERA";"12"
"2178";"VERA Y PINTADO";"12"
"2179";"VIDELA";"12"
"2180";"VILA";"12"
"2181";"VILLA AMELIA";"12"
"2182";"VILLA ANA";"12"
"2183";"VILLA CAÑAS";"12"
"2184";"VILLA CONSTITUCIÓN";"12"
"2185";"VILLA ELOÍSA";"12"
"2186";"VILLA GDOR. GÁLVEZ";"12"
"2187";"VILLA GUILLERMINA";"12"
"2188";"VILLA MINETTI";"12"
"2189";"VILLA MUGUETA";"12"
"2190";"VILLA OCAMPO";"12"
"2191";"VILLA SAN JOSÉ";"12"
"2192";"VILLA SARALEGUI";"12"
"2193";"VILLA TRINIDAD";"12"
"2194";"VILLADA";"12"
"2195";"VIRGINIA";"12"
"2196";"WHEELWRIGHT";"12"
"2197";"ZAVALLA";"12"
"2198";"ZENÓN PEREIRA";"12"
"2199";"AÑATUYA";"13"
"2200";"ÁRRAGA";"13"
"2201";"BANDERA";"13"
"2202";"BANDERA BAJADA";"13"
"2203";"BELTRÁN";"13"
"2204";"BREA POZO";"13"
"2205";"CAMPO GALLO";"13"
"2206";"CAPITAL";"13"
"2207";"CHILCA JULIANA";"13"
"2208";"CHOYA";"13"
"2209";"CLODOMIRA";"13"
"2210";"COL. ALPINA";"13"
"2211";"COL. DORA";"13"
"2212";"COL. EL SIMBOLAR ROBLES";"13"
"2213";"EL BOBADAL";"13"
"2214";"EL CHARCO";"13"
"2215";"EL MOJÓN";"13"
"2216";"ESTACIÓN ATAMISQUI";"13"
"2217";"ESTACIÓN SIMBOLAR";"13"
"2218";"FERNÁNDEZ";"13"
"2219";"FORTÍN INCA";"13"
"2220";"FRÍAS";"13"
"2221";"GARZA";"13"
"2222";"GRAMILLA";"13"
"2223";"GUARDIA ESCOLTA";"13"
"2224";"HERRERA";"13"
"2225";"ICAÑO";"13"
"2226";"ING. FORRES";"13"
"2227";"LA BANDA";"13"
"2228";"LA CAÑADA";"13"
"2229";"LAPRIDA";"13"
"2230";"LAVALLE";"13"
"2231";"LORETO";"13"
"2232";"LOS JURÍES";"13"
"2233";"LOS NÚÑEZ";"13"
"2234";"LOS PIRPINTOS";"13"
"2235";"LOS QUIROGA";"13"
"2236";"LOS TELARES";"13"
"2237";"LUGONES";"13"
"2238";"MALBRÁN";"13"
"2239";"MATARA";"13"
"2240";"MEDELLÍN";"13"
"2241";"MONTE QUEMADO";"13"
"2242";"NUEVA ESPERANZA";"13"
"2243";"NUEVA FRANCIA";"13"
"2244";"PALO NEGRO";"13"
"2245";"PAMPA DE LOS GUANACOS";"13"
"2246";"PINTO";"13"
"2247";"POZO HONDO";"13"
"2248";"QUIMILÍ";"13"
"2249";"REAL SAYANA";"13"
"2250";"SACHAYOJ";"13"
"2251";"SAN PEDRO DE GUASAYÁN";"13"
"2252";"SELVA";"13"
"2253";"SOL DE JULIO";"13"
"2254";"SUMAMPA";"13"
"2255";"SUNCHO CORRAL";"13"
"2256";"TABOADA";"13"
"2257";"TAPSO";"13"
"2258";"TERMAS DE RIO HONDO";"13"
"2259";"TINTINA";"13"
"2260";"TOMAS YOUNG";"13"
"2261";"VILELAS";"13"
"2262";"VILLA ATAMISQUI";"13"
"2263";"VILLA LA PUNTA";"13"
"2264";"VILLA OJO DE AGUA";"13"
"2265";"VILLA RÍO HONDO";"13"
"2266";"VILLA SALAVINA";"13"
"2267";"VILLA UNIÓN";"13"
"2268";"VILMER";"13"
"2269";"WEISBURD";"13"
"2270";"RÍO GRANDE";"24"
"2271";"TOLHUIN";"24"
"2272";"USHUAIA";"24"
"2273";"ACHERAL";"14"
"2274";"AGUA DULCE";"14"
"2275";"AGUILARES";"14"
"2276";"ALDERETES";"14"
"2277";"ALPACHIRI";"14"
"2278";"ALTO VERDE";"14"
"2279";"AMAICHA DEL VALLE";"14"
"2280";"AMBERES";"14"
"2281";"ANCAJULI";"14"
"2282";"ARCADIA";"14"
"2283";"ATAHONA";"14"
"2284";"BANDA DEL RÍO SALI";"14"
"2285";"BELLA VISTA";"14"
"2286";"BUENA VISTA";"14"
"2287";"BURRUYACÚ";"14"
"2288";"CAPITÁN CÁCERES";"14"
"2289";"CEVIL REDONDO";"14"
"2290";"CHOROMORO";"14"
"2291";"CIUDACITA";"14"
"2292";"COLALAO DEL VALLE";"14"
"2293";"COLOMBRES";"14"
"2294";"CONCEPCIÓN";"14"
"2295";"DELFÍN GALLO";"14"
"2296";"EL BRACHO";"14"
"2297";"EL CADILLAL";"14"
"2298";"EL CERCADO";"14"
"2299";"EL CHAÑAR";"14"
"2300";"EL MANANTIAL";"14"
"2301";"EL MOJÓN";"14"
"2302";"EL MOLLAR";"14"
"2303";"EL NARANJITO";"14"
"2304";"EL NARANJO";"14"
"2305";"EL POLEAR";"14"
"2306";"EL PUESTITO";"14"
"2307";"EL SACRIFICIO";"14"
"2308";"EL TIMBÓ";"14"
"2309";"ESCABA";"14"
"2310";"ESQUINA";"14"
"2311";"ESTACIÓN ARÁOZ";"14"
"2312";"FAMAILLÁ";"14"
"2313";"GASTONE";"14"
"2314";"GDOR. GARMENDIA";"14"
"2315";"GDOR. PIEDRABUENA";"14"
"2316";"GRANEROS";"14"
"2317";"HUASA PAMPA";"14"
"2318";"J. B. ALBERDI";"14"
"2319";"LA COCHA";"14"
"2320";"LA ESPERANZA";"14"
"2321";"LA FLORIDA";"14"
"2322";"LA RAMADA";"14"
"2323";"LA TRINIDAD";"14"
"2324";"LAMADRID";"14"
"2325";"LAS CEJAS";"14"
"2326";"LAS TALAS";"14"
"2327";"LAS TALITAS";"14"
"2328";"LOS BULACIO";"14"
"2329";"LOS GÓMEZ";"14"
"2330";"LOS NOGALES";"14"
"2331";"LOS PEREYRA";"14"
"2332";"LOS PÉREZ";"14"
"2333";"LOS PUESTOS";"14"
"2334";"LOS RALOS";"14"
"2335";"LOS SARMIENTOS";"14"
"2336";"LOS SOSA";"14"
"2337";"LULES";"14"
"2338";"M. GARCÍA FERNÁNDEZ";"14"
"2339";"MANUELA PEDRAZA";"14"
"2340";"MEDINAS";"14"
"2341";"MONTE BELLO";"14"
"2342";"MONTEAGUDO";"14"
"2343";"MONTEROS";"14"
"2344";"PADRE MONTI";"14"
"2345";"PAMPA MAYO";"14"
"2346";"QUILMES";"14"
"2347";"RACO";"14"
"2348";"RANCHILLOS";"14"
"2349";"RÍO CHICO";"14"
"2350";"RÍO COLORADO";"14"
"2351";"RÍO SECO";"14"
"2352";"RUMI PUNCO";"14"
"2353";"SAN ANDRÉS";"14"
"2354";"SAN FELIPE";"14"
"2355";"SAN IGNACIO";"14"
"2356";"SAN JAVIER";"14"
"2357";"SAN JOSÉ";"14"
"2358";"SAN MIGUEL DE 25";"14"
"2359";"SAN PEDRO";"14"
"2360";"SAN PEDRO DE COLALAO";"14"
"2361";"SANTA ROSA DE LEALES";"14"
"2362";"SGTO. MOYA";"14"
"2363";"SIETE DE ABRIL";"14"
"2364";"SIMOCA";"14"
"2365";"SOLDADO MALDONADO";"14"
"2366";"STA. ANA";"14"
"2367";"STA. CRUZ";"14"
"2368";"STA. LUCÍA";"14"
"2369";"TACO RALO";"14"
"2370";"TAFÍ DEL VALLE";"14"
"2371";"TAFÍ VIEJO";"14"
"2372";"TAPIA";"14"
"2373";"TENIENTE BERDINA";"14"
"2374";"TRANCAS";"14"
"2375";"VILLA BELGRANO";"14"
"2376";"VILLA BENJAMÍN ARAOZ";"14"
"2377";"VILLA CHILIGASTA";"14"
"2378";"VILLA DE LEALES";"14"
"2379";"VILLA QUINTEROS";"14"
"2380";"YÁNIMA";"14"
"2381";"YERBA BUENA";"14"
"2382";"YERBA BUENA (S)";"14"
"2383";"VICTORIA";"1"
"2384";"CAPITAL FEDERAL";"0"
"2385";"BENAVIDEZ";"1"
"2386";"PTE. DERQUI";"1"
"2387";"LÓPEZ CAMELO";"1"
"5410";"LEZAMA";"1"
"5411";"MARI LAUQUEN";"1"
